time,top-accelerometer,bottom-accelerometer,difference,sitting time,standing time,force
,,,,,,
11:30:00,63.267,24.134,39.133,0,0.5,-1
11:30:05,46.289,55.691,-9.402,0,1,-1
11:30:10,42.379,57.514,-15.136,0,1.5,-1
11:30:15,41.542,61.758,-20.216,0,2,-1
11:30:20,52.556,50.399,2.157,0,2.5,-1
11:30:25,51.903,55.419,-3.516,0,3,-1
11:30:30,31.605,71.664,-40.059,0,3.5,-1
11:30:35,48.308,54.438,-6.13,0,4,-1
11:30:40,74.632,-86.744,161.376,0,4.5,299.993317
11:30:45,74.166,-13.501,87.666,0,5,357.24
11:30:50,31.421,18.474,12.947,0,5.5,235.235
11:30:55,68.671,70.187,-1.516,0,6,643.462
11:31:00,71.998,68.314,3.684,0,6.5,553.23
11:31:05,71.282,48.173,23.109,0,7,324.54
11:31:10,74.77,41.882,32.889,0.5,7,613.214
11:31:15,47.316,17.877,29.44,1,7,-1
11:31:20,57.443,62.799,-5.356,1.5,7,-1
11:31:25,12.263,68.366,-56.104,2,7,-1
11:31:30,44.897,28.104,16.792,2.5,7,-1
11:31:35,27.864,-50.561,78.425,3,7,-1
11:31:40,59.614,30.037,29.577,3.5,7,744
11:31:45,83.35,39.313,44.037,4,7,448
11:31:50,28.209,64.225,-36.015,4,7.5,55
11:31:55,61.186,29.023,32.163,4,8,738
11:32:00,42.519,-15.264,57.783,4,8.5,510
11:32:05,20.185,63.533,-43.348,4,9,56
11:32:10,46.545,-10.528,57.073,4,9.5,590
11:32:15,42.668,39.809,2.858,4,10,40
11:32:20,53.826,12.833,40.993,4,10.5,157
11:32:25,43.874,64.026,-20.153,4.5,10.5,805
11:32:30,61.241,47.27,13.971,5,10.5,173
11:32:35,46.883,55.03,-8.147,5.5,10.5,179
11:32:40,52.155,48.639,3.516,6,10.5,887
11:32:45,10.135,39.586,-29.45,6.5,10.5,646
11:32:50,38.819,56.31,-17.491,7,10.5,853
11:32:55,42.162,50.149,-7.987,7,11,860
11:33:00,44.946,21.159,23.786,7,11.5,237
11:33:05,42.627,-2.908,45.535,7,12,531
11:33:10,-46.986,41.905,-88.891,7,12.5,183
11:33:15,,,159,,,50
11:33:20,,,-84,,,727
11:33:25,,,-48,,,861
11:33:30,,,51,,,62
11:33:35,,,-133,,,90
11:33:40,,,96,,,950
11:33:45,,,-113,,,886
11:33:50,,,-30,,,59
11:33:55,,,147,,,564
11:34:00,,,-159,,,564
11:34:05,,,62,,,535
11:34:10,,,-178,,,246
11:34:15,,,-149,,,883
11:34:20,,,135,,,826
11:34:25,,,26,,,210
11:34:30,,,-18,,,685
11:34:35,,,-37,,,394
11:34:40,,,34,,,203
11:34:45,,,-122,,,564
11:34:50,,,32,,,861
11:34:55,,,37,,,320
11:35:00,,,-56,,,903
11:35:05,,,-69,,,921
11:35:10,,,-66,,,546
11:35:15,,,66,,,457
11:35:20,,,14,,,199
11:35:25,,,2,,,195
11:35:30,,,-126,,,600
11:35:35,,,-6,,,660
11:35:40,,,-77,,,83
11:35:45,,,-121,,,574
11:35:50,,,-55,,,65
11:35:55,,,-22,,,813
11:36:00,,,91,,,497
11:36:05,,,86,,,901
11:36:10,,,-141,,,587
11:36:15,,,-171,,,675
11:36:20,,,-82,,,930
11:36:25,,,53,,,330
11:36:30,,,177,,,730
11:36:35,,,-47,,,701
11:36:40,,,-27,,,836
11:36:45,,,-75,,,64
11:36:50,,,90,,,261
11:36:55,,,-10,,,444
11:37:00,,,56,,,809
11:37:05,,,114,,,350
11:37:10,,,-170,,,100
11:37:15,,,16,,,784
11:37:20,,,64,,,723
11:37:25,,,-26,,,749
11:37:30,,,-150,,,859
11:37:35,,,-95,,,854
11:37:40,,,-12,,,196
11:37:45,,,-117,,,947
11:37:50,,,-3,,,5
11:37:55,,,39,,,569
11:38:00,,,-79,,,101
11:38:05,,,137,,,177
11:38:10,,,-73,,,106
11:38:15,,,-93,,,840
11:38:20,,,107,,,189
11:38:25,,,-48,,,39
11:38:30,,,41,,,998
11:38:35,,,149,,,347
11:38:40,,,85,,,527
11:38:45,,,-180,,,236
11:38:50,,,-141,,,619
11:38:55,,,179,,,45
11:39:00,,,125,,,369
11:39:05,,,-51,,,624
11:39:10,,,-84,,,874
11:39:15,,,42,,,144
11:39:20,,,-123,,,180
11:39:25,,,176,,,932
11:39:30,,,101,,,971
11:39:35,,,76,,,399
11:39:40,,,-169,,,113
11:39:45,,,-131,,,171
11:39:50,,,22,,,391
11:39:55,,,99,,,358
11:40:00,,,-167,,,389
11:40:05,,,-62,,,910
11:40:10,,,113,,,501
11:40:15,,,23,,,154
11:40:20,,,81,,,178
11:40:25,,,139,,,541
11:40:30,,,125,,,356
11:40:35,,,103,,,594
11:40:40,,,-161,,,10
11:40:45,,,62,,,859
11:40:50,,,-179,,,349
11:40:55,,,127,,,745
11:41:00,,,-13,,,25
11:41:05,,,42,,,753
11:41:10,,,164,,,114
11:41:15,,,168,,,395
11:41:20,,,43,,,765
11:41:25,,,135,,,765
11:41:30,,,168,,,758
11:41:35,,,-148,,,648
11:41:40,,,-107,,,44
11:41:45,,,17,,,513
11:41:50,,,138,,,150
11:41:55,,,111,,,352
11:42:00,,,60,,,229
11:42:05,,,-25,,,83
11:42:10,,,-117,,,138
11:42:15,,,147,,,7
11:42:20,,,8,,,162
11:42:25,,,-128,,,836
11:42:30,,,97,,,818
11:42:35,,,-144,,,587
11:42:40,,,11,,,86
11:42:45,,,-87,,,414
11:42:50,,,155,,,421
11:42:55,,,180,,,589
11:43:00,,,-37,,,582
11:43:05,,,3,,,420
11:43:10,,,-135,,,500
11:43:15,,,-123,,,477
11:43:20,,,8,,,471
11:43:25,,,-174,,,627
11:43:30,,,118,,,70
11:43:35,,,-93,,,397
11:43:40,,,123,,,256
11:43:45,,,-77,,,173
11:43:50,,,119,,,919
11:43:55,,,154,,,642
11:44:00,,,144,,,699
11:44:05,,,-139,,,749
11:44:10,,,-38,,,475
11:44:15,,,-12,,,800
11:44:20,,,-141,,,573
11:44:25,,,-110,,,382
11:44:30,,,-5,,,184
11:44:35,,,65,,,802
11:44:40,,,92,,,610
11:44:45,,,-18,,,428
11:44:50,,,-27,,,513
11:44:55,,,-2,,,624
11:45:00,,,-29,,,122
11:45:05,,,-78,,,878
11:45:10,,,101,,,60
11:45:15,,,-131,,,910
11:45:20,,,16,,,415
11:45:25,,,-115,,,761
11:45:30,,,-6,,,466
11:45:35,,,-164,,,173
11:45:40,,,-132,,,666
11:45:45,,,-156,,,329
11:45:50,,,48,,,555
11:45:55,,,31,,,140
11:46:00,,,170,,,427
11:46:05,,,98,,,744
11:46:10,,,-131,,,642
11:46:15,,,110,,,904
11:46:20,,,-13,,,622
11:46:25,,,72,,,427
11:46:30,,,-79,,,228
11:46:35,,,64,,,245
11:46:40,,,89,,,644
11:46:45,,,130,,,52
11:46:50,,,104,,,759
11:46:55,,,-35,,,941
11:47:00,,,-51,,,292
11:47:05,,,88,,,986
11:47:10,,,68,,,-1
11:47:15,,,-70,,,367
11:47:20,,,82,,,150
11:47:25,,,-30,,,746
11:47:30,,,-25,,,7
11:47:35,,,-15,,,95
11:47:40,,,-146,,,975
11:47:45,,,-111,,,377
11:47:50,,,152,,,832
11:47:55,,,-134,,,614
11:48:00,,,24,,,93
11:48:05,,,84,,,913
11:48:10,,,60,,,829
11:48:15,,,-124,,,746
11:48:20,,,144,,,588
11:48:25,,,149,,,53
11:48:30,,,18,,,116
11:48:35,,,-165,,,614
11:48:40,,,-169,,,493
11:48:45,,,166,,,714
11:48:50,,,-145,,,551
11:48:55,,,-105,,,675
11:49:00,,,73,,,720
11:49:05,,,-14,,,648
11:49:10,,,-8,,,998
11:49:15,,,-175,,,488
11:49:20,,,-68,,,135
11:49:25,,,41,,,22
11:49:30,,,23,,,320
11:49:35,,,-103,,,91
11:49:40,,,-17,,,928
11:49:45,,,112,,,266
11:49:50,,,-60,,,344
11:49:55,,,66,,,678
11:50:00,,,105,,,342
11:50:05,,,-85,,,653
11:50:10,,,-85,,,705
11:50:15,,,94,,,792
11:50:20,,,-157,,,935
11:50:25,,,43,,,287
11:50:30,,,-141,,,525
11:50:35,,,72,,,547
11:50:40,,,-143,,,125
11:50:45,,,-85,,,742
11:50:50,,,72,,,603
11:50:55,,,21,,,742
11:51:00,,,-144,,,120
11:51:05,,,-39,,,608
11:51:10,,,-164,,,200
11:51:15,,,-33,,,876
11:51:20,,,-96,,,687
11:51:25,,,-135,,,922
11:51:30,,,21,,,969
11:51:35,,,-47,,,898
11:51:40,,,-113,,,83
11:51:45,,,168,,,434
11:51:50,,,96,,,710
11:51:55,,,88,,,572
11:52:00,,,-135,,,636
11:52:05,,,-116,,,640
11:52:10,,,72,,,666
11:52:15,,,161,,,65
11:52:20,,,22,,,635
11:52:25,,,13,,,993
11:52:30,,,-151,,,535
11:52:35,,,-143,,,554
11:52:40,,,14,,,624
11:52:45,,,-13,,,298
11:52:50,,,-12,,,393
11:52:55,,,-4,,,908
11:53:00,,,11,,,616
11:53:05,,,-77,,,698
11:53:10,,,-174,,,188
11:53:15,,,-74,,,773
11:53:20,,,-75,,,52
11:53:25,,,-172,,,80
11:53:30,,,31,,,632
11:53:35,,,-70,,,161
11:53:40,,,64,,,201
11:53:45,,,-140,,,463
11:53:50,,,-57,,,648
11:53:55,,,-111,,,767
11:54:00,,,88,,,31
11:54:05,,,-127,,,598
11:54:10,,,18,,,563
11:54:15,,,-73,,,145
11:54:20,,,-24,,,270
11:54:25,,,-115,,,779
11:54:30,,,-65,,,170
11:54:35,,,-104,,,313
11:54:40,,,46,,,603
11:54:45,,,150,,,710
11:54:50,,,-111,,,811
11:54:55,,,12,,,644
11:55:00,,,17,,,298
11:55:05,,,-8,,,713
11:55:10,,,-83,,,714
11:55:15,,,43,,,485
11:55:20,,,123,,,701
11:55:25,,,-59,,,146
11:55:30,,,121,,,953
11:55:35,,,-163,,,455
11:55:40,,,26,,,180
11:55:45,,,130,,,560
11:55:50,,,-124,,,436
11:55:55,,,-114,,,268
11:56:00,,,-88,,,662
11:56:05,,,158,,,979
11:56:10,,,-174,,,869
11:56:15,,,166,,,110
11:56:20,,,140,,,371
11:56:25,,,-110,,,642
11:56:30,,,19,,,521
11:56:35,,,85,,,999
11:56:40,,,-118,,,237
11:56:45,,,-123,,,821
11:56:50,,,59,,,561
11:56:55,,,61,,,358
11:57:00,,,119,,,4
11:57:05,,,166,,,883
11:57:10,,,3,,,970
11:57:15,,,-132,,,547
11:57:20,,,28,,,177
11:57:25,,,7,,,329
11:57:30,,,115,,,462
11:57:35,,,20,,,893
11:57:40,,,86,,,299
11:57:45,,,47,,,512
11:57:50,,,32,,,984
11:57:55,,,-68,,,940
11:58:00,,,89,,,459
11:58:05,,,-9,,,601
11:58:10,,,57,,,136
11:58:15,,,-110,,,164
11:58:20,,,91,,,63
11:58:25,,,177,,,184
11:58:30,,,139,,,701
11:58:35,,,-170,,,388
11:58:40,,,-48,,,82
11:58:45,,,-1,,,288
11:58:50,,,28,,,330
11:58:55,,,-53,,,718
11:59:00,,,-15,,,322
11:59:05,,,15,,,867
11:59:10,,,-94,,,833
11:59:15,,,34,,,839
11:59:20,,,-139,,,736
11:59:25,,,126,,,611
11:59:30,,,63,,,277
11:59:35,,,-128,,,873
11:59:40,,,147,,,911
11:59:45,,,107,,,329
11:59:50,,,-132,,,348
11:59:55,,,39,,,49
12:00:00,,,30,,,846
12:00:05,,,13,,,478
12:00:10,,,45,,,576
12:00:15,,,79,,,644
12:00:20,,,-163,,,587
12:00:25,,,-87,,,362
12:00:30,,,-92,,,223
12:00:35,,,131,,,370
12:00:40,,,95,,,381
12:00:45,,,-105,,,72
12:00:50,,,55,,,916
12:00:55,,,166,,,755
12:01:00,,,106,,,540
12:01:05,,,-27,,,162
12:01:10,,,-121,,,943
12:01:15,,,-90,,,298
12:01:20,,,-16,,,783
12:01:25,,,-126,,,423
12:01:30,,,23,,,316
12:01:35,,,-29,,,141
12:01:40,,,-126,,,331
12:01:45,,,167,,,119
12:01:50,,,95,,,675
12:01:55,,,-28,,,161
12:02:00,,,-155,,,538
12:02:05,,,-151,,,673
12:02:10,,,180,,,29
12:02:15,,,-125,,,825
12:02:20,,,35,,,635
12:02:25,,,131,,,993
12:02:30,,,72,,,916
12:02:35,,,1,,,172
12:02:40,,,-175,,,985
12:02:45,,,168,,,530
12:02:50,,,40,,,998
12:02:55,,,121,,,44
12:03:00,,,-143,,,954
12:03:05,,,75,,,281
12:03:10,,,140,,,618
12:03:15,,,157,,,629
12:03:20,,,150,,,653
12:03:25,,,74,,,559
12:03:30,,,141,,,346
12:03:35,,,-57,,,163
12:03:40,,,-66,,,788
12:03:45,,,-145,,,262
12:03:50,,,-172,,,166
12:03:55,,,28,,,166
12:04:00,,,-125,,,264
12:04:05,,,-145,,,228
12:04:10,,,-7,,,371
12:04:15,,,116,,,664
12:04:20,,,48,,,390
12:04:25,,,55,,,642
12:04:30,,,-73,,,645
12:04:35,,,59,,,264
12:04:40,,,-80,,,932
12:04:45,,,-177,,,549
12:04:50,,,103,,,435
12:04:55,,,136,,,849
12:05:00,,,-12,,,873
12:05:05,,,112,,,340
12:05:10,,,9,,,419
12:05:15,,,107,,,469
12:05:20,,,111,,,309
12:05:25,,,-40,,,421
12:05:30,,,-133,,,663
12:05:35,,,48,,,336
12:05:40,,,117,,,141
12:05:45,,,-101,,,945
12:05:50,,,-142,,,809
12:05:55,,,97,,,140
12:06:00,,,-6,,,740
12:06:05,,,-97,,,849
12:06:10,,,71,,,778
12:06:15,,,-157,,,723
12:06:20,,,-94,,,318
12:06:25,,,70,,,112
12:06:30,,,-104,,,960
12:06:35,,,-129,,,574
12:06:40,,,84,,,331
12:06:45,,,-15,,,966
12:06:50,,,-18,,,740
12:06:55,,,44,,,313
12:07:00,,,159,,,277
12:07:05,,,-5,,,137
12:07:10,,,76,,,5
12:07:15,,,-91,,,210
12:07:20,,,-170,,,988
12:07:25,,,-169,,,849
12:07:30,,,-158,,,27
12:07:35,,,-15,,,829
12:07:40,,,-4,,,398
12:07:45,,,72,,,22
12:07:50,,,-63,,,560
12:07:55,,,-119,,,297
12:08:00,,,-104,,,162
12:08:05,,,-15,,,104
12:08:10,,,98,,,60
12:08:15,,,168,,,966
12:08:20,,,-53,,,518
12:08:25,,,-178,,,16
12:08:30,,,-90,,,415
12:08:35,,,-68,,,714
12:08:40,,,87,,,432
12:08:45,,,-26,,,432
12:08:50,,,-156,,,841
12:08:55,,,-139,,,113
12:09:00,,,15,,,919
12:09:05,,,-127,,,850
12:09:10,,,12,,,48
12:09:15,,,-87,,,990
12:09:20,,,-136,,,414
12:09:25,,,-120,,,805
12:09:30,,,129,,,905
12:09:35,,,120,,,355
12:09:40,,,-135,,,788
12:09:45,,,136,,,369
12:09:50,,,99,,,708
12:09:55,,,-176,,,13
12:10:00,,,70,,,132
12:10:05,,,-38,,,77
12:10:10,,,-163,,,753
12:10:15,,,-142,,,33
12:10:20,,,-143,,,399
12:10:25,,,88,,,451
12:10:30,,,-82,,,982
12:10:35,,,-57,,,142
12:10:40,,,17,,,195
12:10:45,,,-87,,,280
12:10:50,,,137,,,981
12:10:55,,,10,,,816
12:11:00,,,156,,,426
12:11:05,,,-54,,,954
12:11:10,,,133,,,41
12:11:15,,,79,,,31
12:11:20,,,179,,,712
12:11:25,,,179,,,212
12:11:30,,,45,,,137
12:11:35,,,88,,,49
12:11:40,,,-108,,,663
12:11:45,,,162,,,599
12:11:50,,,-59,,,950
12:11:55,,,-93,,,51
12:12:00,,,162,,,863
12:12:05,,,-109,,,226
12:12:10,,,137,,,835
12:12:15,,,-172,,,330
12:12:20,,,8,,,936
12:12:25,,,-161,,,529
12:12:30,,,-111,,,284
12:12:35,,,-142,,,446
12:12:40,,,-74,,,590
12:12:45,,,121,,,68
12:12:50,,,-48,,,663
12:12:55,,,-168,,,699
12:13:00,,,5,,,46
12:13:05,,,-98,,,177
12:13:10,,,-85,,,502
12:13:15,,,147,,,596
12:13:20,,,-15,,,758
12:13:25,,,-52,,,319
12:13:30,,,65,,,686
12:13:35,,,-117,,,334
12:13:40,,,-50,,,885
12:13:45,,,-13,,,197
12:13:50,,,-152,,,488
12:13:55,,,131,,,233
12:14:00,,,-138,,,533
12:14:05,,,-102,,,172
12:14:10,,,-163,,,816
12:14:15,,,-125,,,736
12:14:20,,,116,,,489
12:14:25,,,81,,,188
12:14:30,,,-108,,,694
12:14:35,,,-110,,,170
12:14:40,,,169,,,349
12:14:45,,,99,,,484
12:14:50,,,-169,,,464
12:14:55,,,163,,,374
12:15:00,,,-61,,,839
12:15:05,,,-3,,,89
12:15:10,,,-98,,,487
12:15:15,,,38,,,994
12:15:20,,,-11,,,440
12:15:25,,,-40,,,884
12:15:30,,,-169,,,879
12:15:35,,,-170,,,578
12:15:40,,,14,,,249
12:15:45,,,-168,,,510
12:15:50,,,-156,,,113
12:15:55,,,18,,,849
12:16:00,,,31,,,973
12:16:05,,,55,,,432
12:16:10,,,-39,,,702
12:16:15,,,136,,,693
12:16:20,,,47,,,367
12:16:25,,,-86,,,164
12:16:30,,,-60,,,895
12:16:35,,,138,,,103
12:16:40,,,-166,,,753
12:16:45,,,97,,,103
12:16:50,,,64,,,842
12:16:55,,,160,,,596
12:17:00,,,167,,,913
12:17:05,,,165,,,301
12:17:10,,,-35,,,835
12:17:15,,,-13,,,418
12:17:20,,,142,,,334
12:17:25,,,-163,,,528
12:17:30,,,-120,,,161
12:17:35,,,84,,,316
12:17:40,,,88,,,967
12:17:45,,,-2,,,975
12:17:50,,,-82,,,416
12:17:55,,,103,,,567
12:18:00,,,-71,,,883
12:18:05,,,-12,,,196
12:18:10,,,-21,,,820
12:18:15,,,143,,,135
12:18:20,,,107,,,67
12:18:25,,,174,,,544
12:18:30,,,-13,,,267
12:18:35,,,176,,,100
12:18:40,,,-83,,,880
12:18:45,,,21,,,896
12:18:50,,,38,,,538
12:18:55,,,122,,,165
12:19:00,,,5,,,651
12:19:05,,,154,,,364
12:19:10,,,-40,,,302
12:19:15,,,-82,,,785
12:19:20,,,38,,,13
12:19:25,,,53,,,426
12:19:30,,,-18,,,315
12:19:35,,,97,,,233
12:19:40,,,-157,,,629
12:19:45,,,-88,,,182
12:19:50,,,61,,,225
12:19:55,,,-106,,,572
12:20:00,,,-166,,,399
12:20:05,,,141,,,717
12:20:10,,,-106,,,692
12:20:15,,,60,,,230
12:20:20,,,-16,,,847
12:20:25,,,54,,,663
12:20:30,,,-127,,,120
12:20:35,,,-30,,,767
12:20:40,,,-25,,,795
12:20:45,,,31,,,89
12:20:50,,,159,,,516
12:20:55,,,-88,,,672
12:21:00,,,111,,,879
12:21:05,,,-3,,,259
12:21:10,,,-67,,,418
12:21:15,,,-164,,,131
12:21:20,,,-119,,,515
12:21:25,,,153,,,27
12:21:30,,,0,,,601
12:21:35,,,-69,,,380
12:21:40,,,-166,,,155
12:21:45,,,-62,,,96
12:21:50,,,-108,,,288
12:21:55,,,-22,,,113
12:22:00,,,-106,,,524
12:22:05,,,-146,,,494
12:22:10,,,148,,,50
12:22:15,,,-49,,,139
12:22:20,,,-44,,,532
12:22:25,,,49,,,886
12:22:30,,,75,,,383
12:22:35,,,115,,,209
12:22:40,,,26,,,577
12:22:45,,,104,,,117
12:22:50,,,14,,,769
12:22:55,,,-129,,,417
12:23:00,,,17,,,899
12:23:05,,,22,,,446
12:23:10,,,-27,,,163
12:23:15,,,-137,,,251
12:23:20,,,87,,,380
12:23:25,,,-171,,,265
12:23:30,,,17,,,458
12:23:35,,,-102,,,177
12:23:40,,,-106,,,784
12:23:45,,,12,,,161
12:23:50,,,-84,,,749
12:23:55,,,-19,,,953
12:24:00,,,3,,,649
12:24:05,,,13,,,768
12:24:10,,,6,,,278
12:24:15,,,-51,,,875
12:24:20,,,140,,,242
12:24:25,,,139,,,629
12:24:30,,,-157,,,830
12:24:35,,,101,,,777
12:24:40,,,167,,,227
12:24:45,,,140,,,385
12:24:50,,,161,,,2
12:24:55,,,38,,,448
12:25:00,,,-60,,,112
12:25:05,,,110,,,291
12:25:10,,,66,,,553
12:25:15,,,-160,,,385
12:25:20,,,179,,,349
12:25:25,,,-129,,,279
12:25:30,,,-54,,,203
12:25:35,,,-145,,,535
12:25:40,,,-75,,,355
12:25:45,,,-173,,,196
12:25:50,,,13,,,470
12:25:55,,,155,,,528
12:26:00,,,141,,,362
12:26:05,,,-112,,,895
12:26:10,,,162,,,73
12:26:15,,,128,,,664
12:26:20,,,164,,,264
12:26:25,,,-14,,,529
12:26:30,,,-176,,,298
12:26:35,,,180,,,67
12:26:40,,,-147,,,303
12:26:45,,,-180,,,691
12:26:50,,,159,,,786
12:26:55,,,-14,,,114
12:27:00,,,-22,,,602
12:27:05,,,-177,,,952
12:27:10,,,68,,,924
12:27:15,,,121,,,735
12:27:20,,,-178,,,395
12:27:25,,,115,,,549
12:27:30,,,34,,,150
12:27:35,,,83,,,170
12:27:40,,,-113,,,134
12:27:45,,,-153,,,394
12:27:50,,,17,,,72
12:27:55,,,4,,,258
12:28:00,,,65,,,623
12:28:05,,,91,,,812
12:28:10,,,-178,,,223
12:28:15,,,24,,,782
12:28:20,,,-36,,,392
12:28:25,,,1,,,18
12:28:30,,,95,,,570
12:28:35,,,-15,,,822
12:28:40,,,-4,,,571
12:28:45,,,-129,,,749
12:28:50,,,158,,,390
12:28:55,,,-148,,,162
12:29:00,,,-46,,,460
12:29:05,,,-48,,,975
12:29:10,,,95,,,571
12:29:15,,,-155,,,696
12:29:20,,,101,,,268
12:29:25,,,165,,,627
12:29:30,,,-167,,,951
12:29:35,,,-141,,,506
12:29:40,,,-128,,,657
12:29:45,,,-125,,,18
12:29:50,,,-26,,,540
12:29:55,,,-93,,,648
12:30:00,,,137,,,525
12:30:05,,,-48,,,476
12:30:10,,,27,,,75
12:30:15,,,39,,,375
12:30:20,,,23,,,444
12:30:25,,,76,,,397
12:30:30,,,-88,,,836
12:30:35,,,42,,,10
12:30:40,,,-77,,,919
12:30:45,,,62,,,584
12:30:50,,,69,,,637
12:30:55,,,65,,,743
12:31:00,,,-95,,,669
12:31:05,,,116,,,152
12:31:10,,,104,,,733
12:31:15,,,103,,,389
12:31:20,,,-118,,,492
12:31:25,,,15,,,505
12:31:30,,,-11,,,492
12:31:35,,,-103,,,425
12:31:40,,,-125,,,859
12:31:45,,,-173,,,168
12:31:50,,,-9,,,31
12:31:55,,,116,,,820
12:32:00,,,98,,,49
12:32:05,,,118,,,544
12:32:10,,,10,,,652
12:32:15,,,-105,,,32
12:32:20,,,107,,,236
12:32:25,,,79,,,284
12:32:30,,,-30,,,767
12:32:35,,,63,,,819
12:32:40,,,76,,,386
12:32:45,,,115,,,975
12:32:50,,,22,,,380
12:32:55,,,116,,,312
12:33:00,,,144,,,92
12:33:05,,,-93,,,534
12:33:10,,,-129,,,625
12:33:15,,,-146,,,25
12:33:20,,,-3,,,697
12:33:25,,,-23,,,963
12:33:30,,,10,,,278
12:33:35,,,-65,,,662
12:33:40,,,-40,,,736
12:33:45,,,-73,,,285
12:33:50,,,110,,,543
12:33:55,,,-106,,,215
12:34:00,,,20,,,918
12:34:05,,,100,,,224
12:34:10,,,59,,,462
12:34:15,,,-69,,,777
12:34:20,,,89,,,74
12:34:25,,,33,,,667
12:34:30,,,-100,,,645
12:34:35,,,169,,,830
12:34:40,,,-50,,,906
12:34:45,,,118,,,826
12:34:50,,,-169,,,952
12:34:55,,,8,,,586
12:35:00,,,-82,,,205
12:35:05,,,-56,,,524
12:35:10,,,-50,,,250
12:35:15,,,-96,,,903
12:35:20,,,-32,,,693
12:35:25,,,36,,,244
12:35:30,,,-115,,,900
12:35:35,,,34,,,94
12:35:40,,,-109,,,985
12:35:45,,,-44,,,716
12:35:50,,,5,,,13
12:35:55,,,152,,,703
12:36:00,,,-11,,,631
12:36:05,,,-122,,,882
12:36:10,,,-153,,,895
12:36:15,,,-53,,,497
12:36:20,,,106,,,858
12:36:25,,,-40,,,767
12:36:30,,,89,,,12
12:36:35,,,92,,,810
12:36:40,,,-73,,,146
12:36:45,,,69,,,560
12:36:50,,,-64,,,270
12:36:55,,,99,,,492
12:37:00,,,-109,,,510
12:37:05,,,55,,,339
12:37:10,,,-89,,,671
12:37:15,,,-143,,,667
12:37:20,,,-55,,,82
12:37:25,,,-146,,,830
12:37:30,,,-174,,,887
12:37:35,,,-132,,,856
12:37:40,,,-98,,,992
12:37:45,,,-6,,,849
12:37:50,,,27,,,615
12:37:55,,,-149,,,425
12:38:00,,,-145,,,437
12:38:05,,,-40,,,792
12:38:10,,,-34,,,757
12:38:15,,,85,,,944
12:38:20,,,119,,,827
12:38:25,,,61,,,291
12:38:30,,,6,,,516
12:38:35,,,22,,,662
12:38:40,,,-123,,,594
12:38:45,,,-77,,,193
12:38:50,,,127,,,4
12:38:55,,,32,,,549
12:39:00,,,-97,,,741
12:39:05,,,-137,,,564
12:39:10,,,52,,,398
12:39:15,,,65,,,132
12:39:20,,,-48,,,126
12:39:25,,,43,,,978
12:39:30,,,160,,,261
12:39:35,,,-86,,,832
12:39:40,,,-158,,,558
12:39:45,,,167,,,112
12:39:50,,,-65,,,707
12:39:55,,,-109,,,676
12:40:00,,,-30,,,858
12:40:05,,,44,,,10
12:40:10,,,-32,,,140
12:40:15,,,-180,,,388
12:40:20,,,-93,,,363
12:40:25,,,-169,,,72
12:40:30,,,67,,,582
12:40:35,,,-80,,,954
12:40:40,,,-105,,,762
12:40:45,,,-24,,,284
12:40:50,,,93,,,719
12:40:55,,,130,,,162
12:41:00,,,148,,,72
12:41:05,,,-31,,,72
12:41:10,,,15,,,875
12:41:15,,,9,,,300
12:41:20,,,-21,,,1
12:41:25,,,-112,,,831
12:41:30,,,179,,,268
12:41:35,,,159,,,952
12:41:40,,,-143,,,572
12:41:45,,,-25,,,857
12:41:50,,,34,,,64
12:41:55,,,43,,,56
12:42:00,,,12,,,452
12:42:05,,,83,,,221
12:42:10,,,-83,,,162
12:42:15,,,-94,,,575
12:42:20,,,71,,,841
12:42:25,,,44,,,429
12:42:30,,,24,,,368
12:42:35,,,119,,,148
12:42:40,,,142,,,113
12:42:45,,,-37,,,347
12:42:50,,,132,,,174
12:42:55,,,-152,,,550
12:43:00,,,170,,,313
12:43:05,,,62,,,101
12:43:10,,,76,,,382
12:43:15,,,154,,,390
12:43:20,,,78,,,732
12:43:25,,,-37,,,652
12:43:30,,,-111,,,127
12:43:35,,,-87,,,598
12:43:40,,,-29,,,682
12:43:45,,,-174,,,530
12:43:50,,,-114,,,950
12:43:55,,,149,,,932
12:44:00,,,-174,,,167
12:44:05,,,138,,,691
12:44:10,,,159,,,254
12:44:15,,,-129,,,895
12:44:20,,,-50,,,390
12:44:25,,,-79,,,716
12:44:30,,,119,,,471
12:44:35,,,140,,,522
12:44:40,,,-160,,,632
12:44:45,,,-177,,,206
12:44:50,,,149,,,289
12:44:55,,,-31,,,479
12:45:00,,,171,,,695
12:45:05,,,113,,,280
12:45:10,,,0,,,615
12:45:15,,,134,,,633
12:45:20,,,-50,,,445
12:45:25,,,-99,,,215
12:45:30,,,-73,,,587
12:45:35,,,-37,,,701
12:45:40,,,-125,,,674
12:45:45,,,16,,,694
12:45:50,,,-155,,,908
12:45:55,,,-120,,,232
12:46:00,,,54,,,815
12:46:05,,,-72,,,52
12:46:10,,,-99,,,166
12:46:15,,,-136,,,398
12:46:20,,,80,,,24
12:46:25,,,-119,,,124
12:46:30,,,-31,,,857
12:46:35,,,131,,,805
12:46:40,,,89,,,354
12:46:45,,,-165,,,701
12:46:50,,,94,,,661
12:46:55,,,128,,,944
12:47:00,,,118,,,918
12:47:05,,,-62,,,286
12:47:10,,,41,,,754
12:47:15,,,-127,,,343
12:47:20,,,-133,,,574
12:47:25,,,122,,,511
12:47:30,,,57,,,223
12:47:35,,,-32,,,408
12:47:40,,,-55,,,448
12:47:45,,,-58,,,44
12:47:50,,,-12,,,1
12:47:55,,,-12,,,305
12:48:00,,,24,,,6
12:48:05,,,-123,,,609
12:48:10,,,-135,,,312
12:48:15,,,176,,,846
12:48:20,,,-18,,,847
12:48:25,,,82,,,160
12:48:30,,,-65,,,243
12:48:35,,,-128,,,170
12:48:40,,,126,,,885
12:48:45,,,83,,,407
12:48:50,,,139,,,305
12:48:55,,,-168,,,381
12:49:00,,,56,,,756
12:49:05,,,-97,,,57
12:49:10,,,-110,,,264
12:49:15,,,-48,,,460
12:49:20,,,-130,,,242
12:49:25,,,-91,,,524
12:49:30,,,-129,,,536
12:49:35,,,170,,,517
12:49:40,,,152,,,166
12:49:45,,,-124,,,150
12:49:50,,,-65,,,897
12:49:55,,,-92,,,390
12:50:00,,,-1,,,755
12:50:05,,,154,,,417
12:50:10,,,147,,,600
12:50:15,,,37,,,423
12:50:20,,,-68,,,32
12:50:25,,,-151,,,450
12:50:30,,,-120,,,600
12:50:35,,,-25,,,247
12:50:40,,,180,,,948
12:50:45,,,-74,,,96
12:50:50,,,-56,,,106
12:50:55,,,-112,,,412
12:51:00,,,-158,,,469
12:51:05,,,107,,,861
12:51:10,,,104,,,27
12:51:15,,,-148,,,149
12:51:20,,,114,,,696
12:51:25,,,76,,,539
12:51:30,,,39,,,58
12:51:35,,,-118,,,150
12:51:40,,,-31,,,574
12:51:45,,,89,,,460
12:51:50,,,-151,,,96
12:51:55,,,-102,,,672
12:52:00,,,-98,,,846
12:52:05,,,-24,,,197
12:52:10,,,122,,,223
12:52:15,,,-48,,,255
12:52:20,,,134,,,70
12:52:25,,,-50,,,913
12:52:30,,,112,,,333
12:52:35,,,89,,,683
12:52:40,,,-76,,,606
12:52:45,,,-63,,,904
12:52:50,,,164,,,106
12:52:55,,,-34,,,39
12:53:00,,,-16,,,38
12:53:05,,,62,,,305
12:53:10,,,-159,,,199
12:53:15,,,129,,,804
12:53:20,,,-138,,,503
12:53:25,,,-147,,,396
12:53:30,,,-48,,,355
12:53:35,,,-27,,,368
12:53:40,,,25,,,884
12:53:45,,,124,,,161
12:53:50,,,-16,,,0
12:53:55,,,143,,,39
12:54:00,,,-87,,,72
12:54:05,,,80,,,713
12:54:10,,,121,,,500
12:54:15,,,-145,,,952
12:54:20,,,173,,,169
12:54:25,,,36,,,137
12:54:30,,,156,,,905
12:54:35,,,-2,,,877
12:54:40,,,11,,,90
12:54:45,,,-177,,,58
12:54:50,,,177,,,439
12:54:55,,,99,,,318
12:55:00,,,-117,,,775
12:55:05,,,168,,,433
12:55:10,,,1,,,794
12:55:15,,,23,,,871
12:55:20,,,-120,,,532
12:55:25,,,-15,,,171
12:55:30,,,180,,,269
12:55:35,,,133,,,949
12:55:40,,,-165,,,340
12:55:45,,,-134,,,649
12:55:50,,,37,,,296
12:55:55,,,-71,,,626
12:56:00,,,-107,,,620
12:56:05,,,99,,,80
12:56:10,,,146,,,584
12:56:15,,,91,,,338
12:56:20,,,-121,,,305
12:56:25,,,-114,,,753
12:56:30,,,142,,,242
12:56:35,,,-119,,,165
12:56:40,,,-48,,,213
12:56:45,,,34,,,469
12:56:50,,,112,,,899
12:56:55,,,-86,,,403
12:57:00,,,49,,,318
12:57:05,,,-148,,,871
12:57:10,,,-76,,,35
12:57:15,,,-110,,,141
12:57:20,,,6,,,226
12:57:25,,,39,,,18
12:57:30,,,117,,,77
12:57:35,,,-103,,,10
12:57:40,,,87,,,570
12:57:45,,,-163,,,492
12:57:50,,,-55,,,969
12:57:55,,,-85,,,239
12:58:00,,,-51,,,210
12:58:05,,,17,,,587
12:58:10,,,-54,,,683
12:58:15,,,173,,,785
12:58:20,,,111,,,230
12:58:25,,,180,,,395
12:58:30,,,145,,,171
12:58:35,,,-117,,,718
12:58:40,,,130,,,563
12:58:45,,,84,,,788
12:58:50,,,146,,,269
12:58:55,,,53,,,673
12:59:00,,,11,,,410
12:59:05,,,-113,,,135
12:59:10,,,40,,,304
12:59:15,,,60,,,148
12:59:20,,,134,,,81
12:59:25,,,5,,,286
12:59:30,,,-24,,,784
12:59:35,,,76,,,877
12:59:40,,,-31,,,485
12:59:45,,,-61,,,857
12:59:50,,,-22,,,862
12:59:55,,,81,,,902
13:00:00,,,-152,,,69
13:00:05,,,-23,,,501
13:00:10,,,176,,,633
13:00:15,,,-174,,,349
13:00:20,,,-135,,,708
13:00:25,,,-113,,,58
13:00:30,,,-82,,,973
13:00:35,,,-94,,,737
13:00:40,,,-139,,,598
13:00:45,,,-143,,,754
13:00:50,,,-173,,,34
13:00:55,,,74,,,521
13:01:00,,,-133,,,390
13:01:05,,,-41,,,936
13:01:10,,,142,,,743
13:01:15,,,10,,,407
13:01:20,,,-122,,,63
13:01:25,,,1,,,78
13:01:30,,,53,,,138
13:01:35,,,-96,,,905
13:01:40,,,-104,,,33
13:01:45,,,141,,,46
13:01:50,,,-33,,,519
13:01:55,,,147,,,458
13:02:00,,,-9,,,899
13:02:05,,,37,,,323
13:02:10,,,-83,,,285
13:02:15,,,85,,,510
13:02:20,,,159,,,797
13:02:25,,,16,,,534
13:02:30,,,104,,,834
13:02:35,,,131,,,168
13:02:40,,,-30,,,529
13:02:45,,,-80,,,582
13:02:50,,,-12,,,67
13:02:55,,,-85,,,399
13:03:00,,,-34,,,675
13:03:05,,,-129,,,605
13:03:10,,,60,,,164
13:03:15,,,-118,,,133
13:03:20,,,-140,,,634
13:03:25,,,-151,,,453
13:03:30,,,20,,,848
13:03:35,,,-90,,,585
13:03:40,,,-145,,,237
13:03:45,,,-53,,,286
13:03:50,,,43,,,989
13:03:55,,,-180,,,920
13:04:00,,,122,,,693
13:04:05,,,140,,,29
13:04:10,,,65,,,162
13:04:15,,,-47,,,568
13:04:20,,,-160,,,351
13:04:25,,,81,,,480
13:04:30,,,138,,,510
13:04:35,,,-77,,,583
13:04:40,,,-78,,,853
13:04:45,,,165,,,255
13:04:50,,,166,,,415
13:04:55,,,26,,,98
13:05:00,,,-80,,,640
13:05:05,,,37,,,746
13:05:10,,,-105,,,133
13:05:15,,,-179,,,551
13:05:20,,,-113,,,186
13:05:25,,,-19,,,868
13:05:30,,,-72,,,-1
13:05:35,,,-134,,,841
13:05:40,,,-162,,,393
13:05:45,,,-180,,,33
13:05:50,,,118,,,355
13:05:55,,,111,,,302
13:06:00,,,-54,,,170
13:06:05,,,131,,,482
13:06:10,,,52,,,750
13:06:15,,,-179,,,640
13:06:20,,,51,,,190
13:06:25,,,-96,,,956
13:06:30,,,61,,,255
13:06:35,,,-48,,,161
13:06:40,,,89,,,748
13:06:45,,,99,,,891
13:06:50,,,-158,,,938
13:06:55,,,-96,,,594
13:07:00,,,26,,,868
13:07:05,,,-172,,,613
13:07:10,,,-117,,,381
13:07:15,,,-45,,,707
13:07:20,,,-1,,,289
13:07:25,,,81,,,515
13:07:30,,,92,,,290
13:07:35,,,75,,,774
13:07:40,,,15,,,367
13:07:45,,,-179,,,820
13:07:50,,,111,,,926
13:07:55,,,-79,,,382
13:08:00,,,103,,,128
13:08:05,,,-107,,,358
13:08:10,,,-1,,,837
13:08:15,,,-172,,,203
13:08:20,,,102,,,661
13:08:25,,,120,,,752
13:08:30,,,46,,,840
13:08:35,,,-109,,,625
13:08:40,,,16,,,494
13:08:45,,,-137,,,801
13:08:50,,,-9,,,518
13:08:55,,,-166,,,669
13:09:00,,,93,,,870
13:09:05,,,-70,,,276
13:09:10,,,128,,,165
13:09:15,,,-47,,,151
13:09:20,,,141,,,201
13:09:25,,,10,,,359
13:09:30,,,-147,,,762
13:09:35,,,109,,,586
13:09:40,,,-119,,,148
13:09:45,,,120,,,668
13:09:50,,,-87,,,699
13:09:55,,,-167,,,374
13:10:00,,,-172,,,31
13:10:05,,,172,,,246
13:10:10,,,-115,,,746
13:10:15,,,-128,,,587
13:10:20,,,-82,,,596
13:10:25,,,7,,,177
13:10:30,,,166,,,616
13:10:35,,,81,,,552
13:10:40,,,-121,,,388
13:10:45,,,2,,,464
13:10:50,,,-28,,,227
13:10:55,,,-92,,,522
13:11:00,,,-44,,,208
13:11:05,,,95,,,217
13:11:10,,,48,,,562
13:11:15,,,-24,,,153
13:11:20,,,166,,,707
13:11:25,,,-98,,,953
13:11:30,,,113,,,229
13:11:35,,,21,,,726
13:11:40,,,6,,,443
13:11:45,,,-159,,,441
13:11:50,,,82,,,838
13:11:55,,,-79,,,984
13:12:00,,,-8,,,617
13:12:05,,,94,,,501
13:12:10,,,-66,,,341
13:12:15,,,-109,,,2
13:12:20,,,-2,,,345
13:12:25,,,-25,,,663
13:12:30,,,-162,,,898
13:12:35,,,-22,,,734
13:12:40,,,99,,,295
13:12:45,,,60,,,896
13:12:50,,,-90,,,306
13:12:55,,,164,,,465
13:13:00,,,18,,,907
13:13:05,,,144,,,323
13:13:10,,,-159,,,269
13:13:15,,,-8,,,68
13:13:20,,,-64,,,644
13:13:25,,,-78,,,215
13:13:30,,,-94,,,724
13:13:35,,,57,,,954
13:13:40,,,82,,,747
13:13:45,,,34,,,390
13:13:50,,,94,,,535
13:13:55,,,40,,,814
13:14:00,,,11,,,258
13:14:05,,,12,,,998
13:14:10,,,145,,,242
13:14:15,,,160,,,544
13:14:20,,,-106,,,557
13:14:25,,,58,,,716
13:14:30,,,-11,,,652
13:14:35,,,145,,,810
13:14:40,,,3,,,15
13:14:45,,,91,,,938
13:14:50,,,28,,,581
13:14:55,,,61,,,830
13:15:00,,,-95,,,261
13:15:05,,,-168,,,820
13:15:10,,,-10,,,582
13:15:15,,,-125,,,628
13:15:20,,,105,,,94
13:15:25,,,-175,,,623
13:15:30,,,168,,,341
13:15:35,,,-51,,,39
13:15:40,,,125,,,343
13:15:45,,,-48,,,598
13:15:50,,,-77,,,165
13:15:55,,,-180,,,683
13:16:00,,,86,,,160
13:16:05,,,-144,,,180
13:16:10,,,-10,,,265
13:16:15,,,-155,,,296
13:16:20,,,-180,,,329
13:16:25,,,134,,,538
13:16:30,,,-91,,,238
13:16:35,,,-133,,,719
13:16:40,,,-12,,,214
13:16:45,,,-17,,,449
13:16:50,,,46,,,530
13:16:55,,,143,,,890
13:17:00,,,69,,,798
13:17:05,,,-130,,,649
13:17:10,,,62,,,245
13:17:15,,,-144,,,792
13:17:20,,,11,,,156
13:17:25,,,-116,,,673
13:17:30,,,13,,,144
13:17:35,,,-101,,,688
13:17:40,,,78,,,759
13:17:45,,,-140,,,470
13:17:50,,,57,,,111
13:17:55,,,-32,,,560
13:18:00,,,133,,,988
13:18:05,,,71,,,457
13:18:10,,,152,,,47
13:18:15,,,-31,,,546
13:18:20,,,141,,,843
13:18:25,,,-35,,,791
13:18:30,,,155,,,954
13:18:35,,,11,,,653
13:18:40,,,111,,,510
13:18:45,,,43,,,117
13:18:50,,,56,,,615
13:18:55,,,-93,,,755
13:19:00,,,24,,,221
13:19:05,,,-24,,,378
13:19:10,,,179,,,968
13:19:15,,,67,,,619
13:19:20,,,-73,,,472
13:19:25,,,120,,,678
13:19:30,,,58,,,510
13:19:35,,,158,,,681
13:19:40,,,32,,,950
13:19:45,,,87,,,138
13:19:50,,,7,,,942
13:19:55,,,-172,,,646
13:20:00,,,-37,,,728
13:20:05,,,171,,,407
13:20:10,,,127,,,644
13:20:15,,,83,,,253
13:20:20,,,113,,,284
13:20:25,,,-48,,,805
13:20:30,,,-95,,,965
13:20:35,,,91,,,324
13:20:40,,,123,,,218
13:20:45,,,5,,,138
13:20:50,,,139,,,950
13:20:55,,,-71,,,134
13:21:00,,,74,,,424
13:21:05,,,-67,,,710
13:21:10,,,-45,,,281
13:21:15,,,-105,,,364
13:21:20,,,37,,,942
13:21:25,,,17,,,420
13:21:30,,,120,,,717
13:21:35,,,-29,,,724
13:21:40,,,-141,,,109
13:21:45,,,163,,,541
13:21:50,,,-148,,,380
13:21:55,,,173,,,285
13:22:00,,,-111,,,792
13:22:05,,,-50,,,239
13:22:10,,,-64,,,460
13:22:15,,,-20,,,661
13:22:20,,,126,,,621
13:22:25,,,-168,,,611
13:22:30,,,175,,,436
13:22:35,,,143,,,445
13:22:40,,,-129,,,586
13:22:45,,,178,,,152
13:22:50,,,54,,,526
13:22:55,,,100,,,778
13:23:00,,,176,,,395
13:23:05,,,69,,,529
13:23:10,,,86,,,147
13:23:15,,,-107,,,978
13:23:20,,,-63,,,559
13:23:25,,,100,,,775
13:23:30,,,126,,,655
13:23:35,,,70,,,13
13:23:40,,,-84,,,302
13:23:45,,,-91,,,226
13:23:50,,,115,,,847
13:23:55,,,-92,,,847
13:24:00,,,40,,,690
13:24:05,,,-138,,,749
13:24:10,,,76,,,49
13:24:15,,,70,,,290
13:24:20,,,83,,,705
13:24:25,,,-111,,,593
13:24:30,,,-165,,,256
13:24:35,,,120,,,597
13:24:40,,,48,,,89
13:24:45,,,-41,,,246
13:24:50,,,-77,,,943
13:24:55,,,-40,,,976
13:25:00,,,-100,,,482
13:25:05,,,-38,,,601
13:25:10,,,115,,,977
13:25:15,,,-57,,,889
13:25:20,,,176,,,978
13:25:25,,,-104,,,436
13:25:30,,,18,,,997
13:25:35,,,0,,,252
13:25:40,,,-162,,,682
13:25:45,,,-67,,,195
13:25:50,,,26,,,906
13:25:55,,,159,,,435
13:26:00,,,-20,,,513
13:26:05,,,180,,,165
13:26:10,,,-144,,,327
13:26:15,,,-54,,,214
13:26:20,,,-78,,,77
13:26:25,,,-65,,,624
13:26:30,,,-166,,,28
13:26:35,,,-22,,,444
13:26:40,,,93,,,881
13:26:45,,,-132,,,519
13:26:50,,,-16,,,16
13:26:55,,,-171,,,454
13:27:00,,,71,,,122
13:27:05,,,70,,,526
13:27:10,,,161,,,652
13:27:15,,,-169,,,445
13:27:20,,,172,,,440
13:27:25,,,-97,,,862
13:27:30,,,76,,,835
13:27:35,,,134,,,5
13:27:40,,,-81,,,494
13:27:45,,,-37,,,263
13:27:50,,,-57,,,544
13:27:55,,,-174,,,379
13:28:00,,,-170,,,99
13:28:05,,,-21,,,849
13:28:10,,,-78,,,313
13:28:15,,,176,,,558
13:28:20,,,141,,,497
13:28:25,,,-111,,,536
13:28:30,,,52,,,726
13:28:35,,,144,,,534
13:28:40,,,-177,,,445
13:28:45,,,-179,,,58
13:28:50,,,79,,,16
13:28:55,,,-44,,,972
13:29:00,,,31,,,600
13:29:05,,,-145,,,511
13:29:10,,,68,,,581
13:29:15,,,43,,,568
13:29:20,,,134,,,134
13:29:25,,,101,,,375
13:29:30,,,-148,,,748
13:29:35,,,74,,,422
13:29:40,,,-108,,,295
13:29:45,,,-94,,,458
13:29:50,,,-12,,,875
13:29:55,,,103,,,275
13:30:00,,,23,,,919
13:30:05,,,114,,,810
13:30:10,,,119,,,282
13:30:15,,,130,,,278
13:30:20,,,15,,,537
13:30:25,,,-37,,,465
13:30:30,,,71,,,775
13:30:35,,,-128,,,492
13:30:40,,,14,,,519
13:30:45,,,-159,,,709
13:30:50,,,141,,,964
13:30:55,,,178,,,820
13:31:00,,,-60,,,91
13:31:05,,,-142,,,677
13:31:10,,,159,,,199
13:31:15,,,-165,,,465
13:31:20,,,34,,,477
13:31:25,,,133,,,333
13:31:30,,,-167,,,125
13:31:35,,,63,,,921
13:31:40,,,-171,,,368
13:31:45,,,67,,,733
13:31:50,,,-16,,,511
13:31:55,,,-96,,,791
13:32:00,,,152,,,533
13:32:05,,,107,,,287
13:32:10,,,-180,,,200
13:32:15,,,15,,,533
13:32:20,,,127,,,665
13:32:25,,,123,,,446
13:32:30,,,26,,,229
13:32:35,,,-7,,,589
13:32:40,,,-132,,,645
13:32:45,,,-175,,,1000
13:32:50,,,109,,,813
13:32:55,,,45,,,248
13:33:00,,,84,,,522
13:33:05,,,-41,,,401
13:33:10,,,70,,,954
13:33:15,,,16,,,963
13:33:20,,,-157,,,126
13:33:25,,,90,,,41
13:33:30,,,-133,,,848
13:33:35,,,-135,,,359
13:33:40,,,-64,,,604
13:33:45,,,-154,,,97
13:33:50,,,-177,,,88
13:33:55,,,47,,,294
13:34:00,,,-174,,,397
13:34:05,,,-9,,,838
13:34:10,,,42,,,207
13:34:15,,,-130,,,127
13:34:20,,,165,,,910
13:34:25,,,-30,,,694
13:34:30,,,131,,,786
13:34:35,,,46,,,750
13:34:40,,,29,,,556
13:34:45,,,-31,,,134
13:34:50,,,-33,,,139
13:34:55,,,-142,,,42
13:35:00,,,-142,,,143
13:35:05,,,-138,,,837
13:35:10,,,150,,,687
13:35:15,,,-118,,,252
13:35:20,,,-108,,,787
13:35:25,,,-103,,,302
13:35:30,,,125,,,545
13:35:35,,,23,,,534
13:35:40,,,-141,,,363
13:35:45,,,-110,,,991
13:35:50,,,-122,,,326
13:35:55,,,-153,,,389
13:36:00,,,168,,,66
13:36:05,,,-67,,,705
13:36:10,,,-66,,,562
13:36:15,,,-96,,,942
13:36:20,,,72,,,300
13:36:25,,,-157,,,334
13:36:30,,,45,,,674
13:36:35,,,-148,,,379
13:36:40,,,-172,,,855
13:36:45,,,-26,,,576
13:36:50,,,-58,,,822
13:36:55,,,136,,,566
13:37:00,,,-42,,,210
13:37:05,,,-119,,,910
13:37:10,,,79,,,976
13:37:15,,,-176,,,526
13:37:20,,,-25,,,276
13:37:25,,,100,,,507
13:37:30,,,128,,,249
13:37:35,,,15,,,11
13:37:40,,,-62,,,750
13:37:45,,,67,,,711
13:37:50,,,-123,,,24
13:37:55,,,151,,,163
13:38:00,,,151,,,400
13:38:05,,,168,,,166
13:38:10,,,138,,,810
13:38:15,,,1,,,133
13:38:20,,,-128,,,545
13:38:25,,,120,,,906
13:38:30,,,-114,,,714
13:38:35,,,-37,,,172
13:38:40,,,46,,,818
13:38:45,,,134,,,96
13:38:50,,,-91,,,184
13:38:55,,,-101,,,937
13:39:00,,,-170,,,379
13:39:05,,,-130,,,509
13:39:10,,,-64,,,912
13:39:15,,,-68,,,280
13:39:20,,,-145,,,879
13:39:25,,,70,,,909
13:39:30,,,174,,,378
13:39:35,,,121,,,27
13:39:40,,,165,,,579
13:39:45,,,-56,,,977
13:39:50,,,156,,,144
13:39:55,,,-3,,,538
13:40:00,,,-16,,,175
13:40:05,,,63,,,797
13:40:10,,,-95,,,706
13:40:15,,,69,,,61
13:40:20,,,-55,,,560
13:40:25,,,146,,,942
13:40:30,,,-105,,,215
13:40:35,,,84,,,656
13:40:40,,,-18,,,869
13:40:45,,,14,,,120
13:40:50,,,-178,,,810
13:40:55,,,-120,,,872
13:41:00,,,-125,,,404
13:41:05,,,-171,,,784
13:41:10,,,-160,,,722
13:41:15,,,-46,,,458
13:41:20,,,12,,,686
13:41:25,,,124,,,617
13:41:30,,,161,,,864
13:41:35,,,118,,,927
13:41:40,,,103,,,622
13:41:45,,,52,,,886
13:41:50,,,-6,,,373
13:41:55,,,94,,,61
13:42:00,,,97,,,335
13:42:05,,,-61,,,478
13:42:10,,,-28,,,766
13:42:15,,,-149,,,373
13:42:20,,,-19,,,321
13:42:25,,,13,,,212
13:42:30,,,38,,,983
13:42:35,,,106,,,404
13:42:40,,,-34,,,424
13:42:45,,,-44,,,726
13:42:50,,,-143,,,679
13:42:55,,,-18,,,881
13:43:00,,,-13,,,370
13:43:05,,,-177,,,250
13:43:10,,,-23,,,57
13:43:15,,,-6,,,984
13:43:20,,,161,,,839
13:43:25,,,114,,,543
13:43:30,,,158,,,480
13:43:35,,,-162,,,602
13:43:40,,,150,,,782
13:43:45,,,78,,,284
13:43:50,,,-68,,,814
13:43:55,,,-49,,,40
13:44:00,,,-98,,,471
13:44:05,,,46,,,632
13:44:10,,,123,,,698
13:44:15,,,-92,,,293
13:44:20,,,-2,,,913
13:44:25,,,-78,,,696
13:44:30,,,17,,,617
13:44:35,,,53,,,83
13:44:40,,,63,,,184
13:44:45,,,59,,,599
13:44:50,,,116,,,604
13:44:55,,,79,,,620
13:45:00,,,-7,,,101
13:45:05,,,39,,,750
13:45:10,,,180,,,136
13:45:15,,,-115,,,293
13:45:20,,,-27,,,947
13:45:25,,,92,,,462
13:45:30,,,79,,,45
13:45:35,,,39,,,543
13:45:40,,,-62,,,255
13:45:45,,,123,,,35
13:45:50,,,143,,,886
13:45:55,,,-132,,,628
13:46:00,,,-110,,,899
13:46:05,,,-105,,,236
13:46:10,,,165,,,385
13:46:15,,,-153,,,82
13:46:20,,,144,,,789
13:46:25,,,104,,,231
13:46:30,,,29,,,141
13:46:35,,,152,,,371
13:46:40,,,161,,,355
13:46:45,,,40,,,665
13:46:50,,,-13,,,291
13:46:55,,,67,,,385
13:47:00,,,-161,,,647
13:47:05,,,54,,,304
13:47:10,,,-2,,,711
13:47:15,,,-39,,,730
13:47:20,,,-51,,,900
13:47:25,,,46,,,358
13:47:30,,,-174,,,344
13:47:35,,,106,,,339
13:47:40,,,-113,,,721
13:47:45,,,-5,,,680
13:47:50,,,166,,,797
13:47:55,,,132,,,240
13:48:00,,,-42,,,295
13:48:05,,,-180,,,567
13:48:10,,,-80,,,320
13:48:15,,,-101,,,992
13:48:20,,,161,,,848
13:48:25,,,-11,,,144
13:48:30,,,179,,,491
13:48:35,,,134,,,719
13:48:40,,,-141,,,573
13:48:45,,,-48,,,25
13:48:50,,,-1,,,801
13:48:55,,,-112,,,374
13:49:00,,,105,,,991
13:49:05,,,53,,,278
13:49:10,,,82,,,492
13:49:15,,,132,,,133
13:49:20,,,-34,,,586
13:49:25,,,-49,,,455
13:49:30,,,-171,,,774
13:49:35,,,126,,,543
13:49:40,,,127,,,772
13:49:45,,,-151,,,449
13:49:50,,,98,,,98
13:49:55,,,96,,,283
13:50:00,,,-117,,,407
13:50:05,,,-78,,,-1
13:50:10,,,-119,,,666
13:50:15,,,-80,,,900
13:50:20,,,-86,,,113
13:50:25,,,113,,,732
13:50:30,,,-10,,,715
13:50:35,,,161,,,707
13:50:40,,,72,,,542
13:50:45,,,-82,,,772
13:50:50,,,-116,,,252
13:50:55,,,-16,,,672
13:51:00,,,37,,,687
13:51:05,,,76,,,423
13:51:10,,,-137,,,334
13:51:15,,,172,,,573
13:51:20,,,-26,,,827
13:51:25,,,-10,,,317
13:51:30,,,-14,,,571
13:51:35,,,30,,,795
13:51:40,,,-48,,,303
13:51:45,,,-111,,,568
13:51:50,,,29,,,616
13:51:55,,,44,,,258
13:52:00,,,133,,,309
13:52:05,,,178,,,110
13:52:10,,,-26,,,642
13:52:15,,,-13,,,830
13:52:20,,,172,,,179
13:52:25,,,179,,,385
13:52:30,,,-160,,,568
13:52:35,,,144,,,944
13:52:40,,,-115,,,166
13:52:45,,,-30,,,930
13:52:50,,,97,,,474
13:52:55,,,151,,,434
13:53:00,,,19,,,304
13:53:05,,,93,,,843
13:53:10,,,90,,,298
13:53:15,,,-160,,,708
13:53:20,,,-55,,,306
13:53:25,,,160,,,174
13:53:30,,,8,,,308
13:53:35,,,-55,,,482
13:53:40,,,-160,,,22
13:53:45,,,-83,,,92
13:53:50,,,-116,,,-1
13:53:55,,,79,,,184
13:54:00,,,74,,,374
13:54:05,,,91,,,37
13:54:10,,,-35,,,187
13:54:15,,,-123,,,926
13:54:20,,,82,,,818
13:54:25,,,35,,,362
13:54:30,,,-161,,,1000
13:54:35,,,-116,,,243
13:54:40,,,-157,,,168
13:54:45,,,-141,,,250
13:54:50,,,19,,,709
13:54:55,,,46,,,86
13:55:00,,,-118,,,184
13:55:05,,,100,,,649
13:55:10,,,55,,,465
13:55:15,,,-90,,,980
13:55:20,,,179,,,480
13:55:25,,,-44,,,914
13:55:30,,,-83,,,837
13:55:35,,,-100,,,1
13:55:40,,,93,,,941
13:55:45,,,-54,,,484
13:55:50,,,77,,,353
13:55:55,,,-8,,,987
13:56:00,,,-64,,,238
13:56:05,,,31,,,932
13:56:10,,,-110,,,379
13:56:15,,,-55,,,648
13:56:20,,,-109,,,364
13:56:25,,,-50,,,304
13:56:30,,,-162,,,167
13:56:35,,,-95,,,189
13:56:40,,,-9,,,250
13:56:45,,,84,,,699
13:56:50,,,-149,,,728
13:56:55,,,68,,,19
13:57:00,,,-89,,,363
13:57:05,,,-116,,,868
13:57:10,,,43,,,275
13:57:15,,,138,,,836
13:57:20,,,76,,,674
13:57:25,,,-28,,,693
13:57:30,,,-2,,,242
13:57:35,,,155,,,225
13:57:40,,,-129,,,597
13:57:45,,,-2,,,676
13:57:50,,,114,,,113
13:57:55,,,20,,,926
13:58:00,,,90,,,852
13:58:05,,,81,,,16
13:58:10,,,147,,,425
13:58:15,,,66,,,574
13:58:20,,,76,,,111
13:58:25,,,165,,,919
13:58:30,,,34,,,907
13:58:35,,,67,,,490
13:58:40,,,-143,,,952
13:58:45,,,9,,,672
13:58:50,,,-5,,,510
13:58:55,,,177,,,977
13:59:00,,,107,,,780
13:59:05,,,137,,,202
13:59:10,,,-156,,,329
13:59:15,,,-65,,,254
13:59:20,,,26,,,823
13:59:25,,,127,,,904
13:59:30,,,-147,,,871
13:59:35,,,86,,,158
13:59:40,,,-124,,,851
13:59:45,,,57,,,947
13:59:50,,,-49,,,521
13:59:55,,,-32,,,551
14:00:00,,,144,,,861
14:00:05,,,-34,,,814
14:00:10,,,-87,,,685
14:00:15,,,162,,,550
14:00:20,,,148,,,618
14:00:25,,,-113,,,926
14:00:30,,,-56,,,854
14:00:35,,,-80,,,356
14:00:40,,,143,,,742
14:00:45,,,94,,,805
14:00:50,,,-130,,,847
14:00:55,,,-22,,,24
14:01:00,,,97,,,233
14:01:05,,,-27,,,385
14:01:10,,,7,,,936
14:01:15,,,-153,,,952
14:01:20,,,-139,,,545
14:01:25,,,149,,,80
14:01:30,,,-147,,,770
14:01:35,,,-175,,,573
14:01:40,,,115,,,161
14:01:45,,,10,,,536
14:01:50,,,-83,,,712
14:01:55,,,59,,,280
14:02:00,,,97,,,884
14:02:05,,,174,,,849
14:02:10,,,159,,,260
14:02:15,,,-135,,,408
14:02:20,,,-34,,,398
14:02:25,,,74,,,54
14:02:30,,,-172,,,895
14:02:35,,,109,,,473
14:02:40,,,26,,,864
14:02:45,,,36,,,854
14:02:50,,,-20,,,938
14:02:55,,,-149,,,726
14:03:00,,,-78,,,771
14:03:05,,,-52,,,17
14:03:10,,,-124,,,489
14:03:15,,,-121,,,646
14:03:20,,,63,,,883
14:03:25,,,55,,,971
14:03:30,,,-5,,,971
14:03:35,,,66,,,437
14:03:40,,,5,,,786
14:03:45,,,56,,,516
14:03:50,,,-144,,,153
14:03:55,,,-148,,,145
14:04:00,,,-170,,,951
14:04:05,,,60,,,274
14:04:10,,,-78,,,696
14:04:15,,,124,,,806
14:04:20,,,-91,,,281
14:04:25,,,-157,,,157
14:04:30,,,42,,,889
14:04:35,,,-142,,,781
14:04:40,,,-82,,,798
14:04:45,,,-98,,,11
14:04:50,,,-20,,,777
14:04:55,,,138,,,116
14:05:00,,,-23,,,913
14:05:05,,,-59,,,233
14:05:10,,,-87,,,628
14:05:15,,,-54,,,767
14:05:20,,,88,,,637
14:05:25,,,44,,,948
14:05:30,,,-166,,,641
14:05:35,,,173,,,381
14:05:40,,,89,,,140
14:05:45,,,-177,,,983
14:05:50,,,-11,,,780
14:05:55,,,105,,,440
14:06:00,,,-142,,,781
14:06:05,,,-25,,,904
14:06:10,,,-14,,,390
14:06:15,,,164,,,703
14:06:20,,,-39,,,292
14:06:25,,,171,,,181
14:06:30,,,-123,,,299
14:06:35,,,172,,,250
14:06:40,,,-136,,,44
14:06:45,,,50,,,201
14:06:50,,,41,,,827
14:06:55,,,173,,,626
14:07:00,,,-22,,,359
14:07:05,,,-148,,,622
14:07:10,,,-20,,,203
14:07:15,,,-29,,,682
14:07:20,,,-163,,,324
14:07:25,,,92,,,599
14:07:30,,,-53,,,477
14:07:35,,,-87,,,118
14:07:40,,,26,,,62
14:07:45,,,-30,,,844
14:07:50,,,-54,,,337
14:07:55,,,-10,,,358
14:08:00,,,156,,,488
14:08:05,,,58,,,847
14:08:10,,,150,,,199
14:08:15,,,131,,,662
14:08:20,,,-53,,,488
14:08:25,,,11,,,945
14:08:30,,,124,,,52
14:08:35,,,7,,,583
14:08:40,,,-114,,,964
14:08:45,,,-97,,,29
14:08:50,,,-94,,,599
14:08:55,,,179,,,708
14:09:00,,,-14,,,389
14:09:05,,,-147,,,393
14:09:10,,,119,,,246
14:09:15,,,64,,,498
14:09:20,,,0,,,206
14:09:25,,,-31,,,356
14:09:30,,,99,,,405
14:09:35,,,-49,,,737
14:09:40,,,117,,,964
14:09:45,,,-172,,,29
14:09:50,,,104,,,179
14:09:55,,,-91,,,564
14:10:00,,,-111,,,902
14:10:05,,,-146,,,665
14:10:10,,,-51,,,151
14:10:15,,,-107,,,732
14:10:20,,,104,,,785
14:10:25,,,131,,,479
14:10:30,,,67,,,275
14:10:35,,,54,,,847
14:10:40,,,74,,,734
14:10:45,,,88,,,867
14:10:50,,,74,,,965
14:10:55,,,-104,,,92
14:11:00,,,-145,,,321
14:11:05,,,112,,,713
14:11:10,,,-131,,,908
14:11:15,,,-172,,,670
14:11:20,,,-141,,,307
14:11:25,,,-84,,,720
14:11:30,,,-10,,,46
14:11:35,,,-152,,,219
14:11:40,,,-147,,,749
14:11:45,,,-27,,,513
14:11:50,,,81,,,946
14:11:55,,,-92,,,296
14:12:00,,,-125,,,686
14:12:05,,,-37,,,670
14:12:10,,,65,,,901
14:12:15,,,133,,,787
14:12:20,,,-143,,,613
14:12:25,,,-83,,,603
14:12:30,,,128,,,364
14:12:35,,,132,,,312
14:12:40,,,-162,,,924
14:12:45,,,-176,,,307
14:12:50,,,-146,,,245
14:12:55,,,-114,,,797
14:13:00,,,-62,,,534
14:13:05,,,-43,,,724
14:13:10,,,-129,,,576
14:13:15,,,101,,,826
14:13:20,,,101,,,783
14:13:25,,,-148,,,596
14:13:30,,,81,,,727
14:13:35,,,-127,,,627
14:13:40,,,-97,,,652
14:13:45,,,30,,,86
14:13:50,,,-122,,,-1
14:13:55,,,-109,,,-1
14:14:00,,,49,,,-1
14:14:05,,,152,,,-1
14:14:10,,,110,,,-1
14:14:15,,,137,,,-1
14:14:20,,,-132,,,-1
14:14:25,,,66,,,-1
14:14:30,,,22,,,-1
14:14:35,,,-84,,,-1
14:14:40,,,32,,,-1
14:14:45,,,44,,,-1
14:14:50,,,-26,,,-1
14:14:55,,,26,,,-1
14:15:00,,,-132,,,-1
14:15:05,,,104,,,-1
14:15:10,,,135,,,-1
14:15:15,,,-7,,,-1
14:15:20,,,-58,,,-1
14:15:25,,,109,,,-1
14:15:30,,,105,,,-1
14:15:35,,,-130,,,-1
14:15:40,,,-107,,,-1
14:15:45,,,-37,,,-1
14:15:50,,,117,,,-1
14:15:55,,,-20,,,-1
14:16:00,,,145,,,-1
14:16:05,,,167,,,-1
14:16:10,,,13,,,-1
14:16:15,,,-138,,,-1
14:16:20,,,-20,,,-1
14:16:25,,,38,,,-1
14:16:30,,,-93,,,-1
14:16:35,,,70,,,-1
14:16:40,,,164,,,-1
14:16:45,,,-127,,,-1
14:16:50,,,-117,,,-1
14:16:55,,,68,,,-1
14:17:00,,,-174,,,-1
14:17:05,,,-99,,,-1
14:17:10,,,-41,,,-1
14:17:15,,,-59,,,-1
14:17:20,,,111,,,-1
14:17:25,,,118,,,-1
14:17:30,,,-68,,,-1
14:17:35,,,-64,,,-1
14:17:40,,,-117,,,-1
14:17:45,,,149,,,-1
14:17:50,,,167,,,-1
14:17:55,,,155,,,-1
14:18:00,,,-63,,,-1
14:18:05,,,155,,,-1
14:18:10,,,-9,,,-1
14:18:15,,,118,,,-1
14:18:20,,,153,,,-1
14:18:25,,,-139,,,-1
14:18:30,,,76,,,-1
14:18:35,,,-133,,,-1
14:18:40,,,-170,,,-1
14:18:45,,,-132,,,-1
14:18:50,,,171,,,-1
14:18:55,,,10,,,-1
14:19:00,,,-168,,,-1
14:19:05,,,53,,,-1
14:19:10,,,153,,,-1
14:19:15,,,86,,,-1
14:19:20,,,26,,,-1
14:19:25,,,116,,,-1
14:19:30,,,103,,,-1
14:19:35,,,-85,,,-1
14:19:40,,,68,,,-1
14:19:45,,,46,,,-1
14:19:50,,,6,,,-1
14:19:55,,,-82,,,-1
14:20:00,,,153,,,-1
14:20:05,,,-102,,,-1
14:20:10,,,-175,,,-1
14:20:15,,,150,,,-1
14:20:20,,,87,,,-1
14:20:25,,,162,,,-1
14:20:30,,,-152,,,-1
14:20:35,,,0,,,-1
14:20:40,,,163,,,-1
14:20:45,,,-160,,,-1
14:20:50,,,97,,,-1
14:20:55,,,56,,,-1
14:21:00,,,78,,,-1
14:21:05,,,-27,,,-1
14:21:10,,,137,,,-1
14:21:15,,,154,,,-1
14:21:20,,,103,,,-1
14:21:25,,,-86,,,-1
14:21:30,,,-124,,,-1
14:21:35,,,169,,,-1
14:21:40,,,154,,,-1
14:21:45,,,15,,,-1
14:21:50,,,-123,,,-1
14:21:55,,,-160,,,-1
14:22:00,,,60,,,-1
14:22:05,,,-169,,,-1
14:22:10,,,-159,,,-1
14:22:15,,,14,,,-1
14:22:20,,,-58,,,-1
14:22:25,,,172,,,-1
14:22:30,,,53,,,-1
14:22:35,,,-18,,,-1
14:22:40,,,-179,,,-1
14:22:45,,,-1,,,-1
14:22:50,,,-57,,,-1
14:22:55,,,134,,,-1
14:23:00,,,27,,,-1
14:23:05,,,179,,,-1
14:23:10,,,81,,,-1
14:23:15,,,-118,,,-1
14:23:20,,,4,,,-1
14:23:25,,,-110,,,-1
14:23:30,,,-53,,,-1
14:23:35,,,176,,,-1
14:23:40,,,-175,,,-1
14:23:45,,,172,,,-1
14:23:50,,,-60,,,-1
14:23:55,,,85,,,-1
14:24:00,,,-3,,,-1
14:24:05,,,-150,,,-1
14:24:10,,,149,,,-1
14:24:15,,,72,,,-1
14:24:20,,,-128,,,-1
14:24:25,,,-101,,,-1
14:24:30,,,-82,,,-1
14:24:35,,,-91,,,-1
14:24:40,,,167,,,-1
14:24:45,,,3,,,-1
14:24:50,,,-56,,,-1
14:24:55,,,102,,,-1
14:25:00,,,-71,,,-1
14:25:05,,,165,,,-1
14:25:10,,,45,,,-1
14:25:15,,,-95,,,-1
14:25:20,,,73,,,-1
14:25:25,,,-177,,,-1
14:25:30,,,151,,,-1
14:25:35,,,-167,,,-1
14:25:40,,,26,,,-1
14:25:45,,,-28,,,-1
14:25:50,,,162,,,-1
14:25:55,,,172,,,-1
14:26:00,,,-60,,,-1
14:26:05,,,-140,,,-1
14:26:10,,,-49,,,-1
14:26:15,,,-89,,,-1
14:26:20,,,171,,,-1
14:26:25,,,-103,,,-1
14:26:30,,,83,,,-1
14:26:35,,,-122,,,-1
14:26:40,,,150,,,-1
14:26:45,,,-119,,,-1
14:26:50,,,-15,,,-1
14:26:55,,,-171,,,-1
14:27:00,,,124,,,-1
14:27:05,,,-61,,,-1
14:27:10,,,-77,,,-1
14:27:15,,,148,,,-1
14:27:20,,,-174,,,-1
14:27:25,,,-158,,,-1
14:27:30,,,-152,,,-1
14:27:35,,,116,,,-1
14:27:40,,,-149,,,-1
14:27:45,,,149,,,-1
14:27:50,,,159,,,-1
14:27:55,,,84,,,-1
14:28:00,,,-152,,,-1
14:28:05,,,62,,,-1
14:28:10,,,70,,,-1
14:28:15,,,-118,,,-1
14:28:20,,,62,,,-1
14:28:25,,,-46,,,-1
14:28:30,,,49,,,-1
14:28:35,,,147,,,-1
14:28:40,,,-69,,,-1
14:28:45,,,65,,,-1
14:28:50,,,-173,,,-1
14:28:55,,,47,,,-1
14:29:00,,,-29,,,-1
14:29:05,,,-96,,,-1
14:29:10,,,34,,,-1
14:29:15,,,176,,,-1
14:29:20,,,-97,,,-1
14:29:25,,,118,,,-1
14:29:30,,,165,,,-1
14:29:35,,,-58,,,-1
14:29:40,,,-81,,,-1
14:29:45,,,-48,,,-1
14:29:50,,,-156,,,-1
14:29:55,,,-163,,,-1
14:30:00,,,121,,,-1
14:30:05,,,7,,,-1
14:30:10,,,-122,,,-1
14:30:15,,,126,,,-1
14:30:20,,,-45,,,-1
14:30:25,,,76,,,-1
14:30:30,,,-122,,,-1
14:30:35,,,56,,,-1
14:30:40,,,148,,,-1
14:30:45,,,-11,,,-1
14:30:50,,,46,,,-1
14:30:55,,,121,,,-1
14:31:00,,,71,,,-1
14:31:05,,,176,,,-1
14:31:10,,,70,,,-1
14:31:15,,,-163,,,-1
14:31:20,,,-34,,,-1
14:31:25,,,48,,,-1
14:31:30,,,-102,,,-1
14:31:35,,,-12,,,-1
14:31:40,,,73,,,-1
14:31:45,,,-56,,,-1
14:31:50,,,87,,,-1
14:31:55,,,-126,,,-1
14:32:00,,,-164,,,-1
14:32:05,,,-88,,,-1
14:32:10,,,-17,,,-1
14:32:15,,,8,,,-1
14:32:20,,,117,,,-1
14:32:25,,,139,,,-1
14:32:30,,,-44,,,-1
14:32:35,,,13,,,-1
14:32:40,,,-54,,,-1
14:32:45,,,-63,,,-1
14:32:50,,,160,,,-1
14:32:55,,,-31,,,-1
14:33:00,,,-100,,,-1
14:33:05,,,-136,,,-1
14:33:10,,,77,,,-1
14:33:15,,,-47,,,-1
14:33:20,,,-146,,,-1
14:33:25,,,-127,,,-1
14:33:30,,,99,,,-1
14:33:35,,,23,,,-1
14:33:40,,,139,,,-1
14:33:45,,,138,,,-1
14:33:50,,,57,,,-1
14:33:55,,,-117,,,-1
14:34:00,,,-44,,,-1
14:34:05,,,54,,,-1
14:34:10,,,6,,,-1
14:34:15,,,-94,,,-1
14:34:20,,,-153,,,-1
14:34:25,,,-107,,,-1
14:34:30,,,93,,,-1
14:34:35,,,-15,,,-1
14:34:40,,,-126,,,-1
14:34:45,,,-70,,,-1
14:34:50,,,130,,,-1
14:34:55,,,-16,,,-1
14:35:00,,,110,,,-1
14:35:05,,,-113,,,-1
14:35:10,,,-179,,,-1
14:35:15,,,147,,,-1
14:35:20,,,-20,,,-1
14:35:25,,,-154,,,-1
14:35:30,,,119,,,-1
14:35:35,,,-91,,,-1
14:35:40,,,36,,,-1
14:35:45,,,10,,,-1
14:35:50,,,-161,,,-1
14:35:55,,,-12,,,-1
14:36:00,,,-116,,,-1
14:36:05,,,-48,,,-1
14:36:10,,,60,,,-1
14:36:15,,,-8,,,-1
14:36:20,,,-27,,,-1
14:36:25,,,149,,,-1
14:36:30,,,-119,,,-1
14:36:35,,,-99,,,-1
14:36:40,,,14,,,-1
14:36:45,,,30,,,-1
14:36:50,,,-139,,,-1
14:36:55,,,62,,,-1
14:37:00,,,180,,,-1
14:37:05,,,174,,,-1
14:37:10,,,86,,,-1
14:37:15,,,-99,,,-1
14:37:20,,,-108,,,-1
14:37:25,,,-118,,,-1
14:37:30,,,155,,,-1
14:37:35,,,-143,,,-1
14:37:40,,,-5,,,-1
14:37:45,,,141,,,-1
14:37:50,,,78,,,-1
14:37:55,,,-84,,,-1
14:38:00,,,151,,,-1
14:38:05,,,-151,,,-1
14:38:10,,,121,,,-1
14:38:15,,,-153,,,-1
14:38:20,,,-73,,,-1
14:38:25,,,141,,,-1
14:38:30,,,-33,,,-1
14:38:35,,,-63,,,-1
14:38:40,,,48,,,-1
14:38:45,,,89,,,-1
14:38:50,,,-79,,,-1
14:38:55,,,-57,,,-1
14:39:00,,,-178,,,-1
14:39:05,,,-119,,,-1
14:39:10,,,-4,,,-1
14:39:15,,,24,,,-1
14:39:20,,,71,,,-1
14:39:25,,,-48,,,-1
14:39:30,,,30,,,-1
14:39:35,,,103,,,-1
14:39:40,,,3,,,-1
14:39:45,,,-54,,,-1
14:39:50,,,-165,,,-1
14:39:55,,,-153,,,-1
14:40:00,,,-124,,,-1
14:40:05,,,157,,,-1
14:40:10,,,79,,,-1
14:40:15,,,-57,,,-1
14:40:20,,,146,,,-1
14:40:25,,,45,,,-1
14:40:30,,,-170,,,-1
14:40:35,,,-180,,,-1
14:40:40,,,-125,,,-1
14:40:45,,,-33,,,-1
14:40:50,,,-43,,,-1
14:40:55,,,93,,,-1
14:41:00,,,124,,,-1
14:41:05,,,-165,,,-1
14:41:10,,,53,,,-1
14:41:15,,,14,,,-1
14:41:20,,,-30,,,-1
14:41:25,,,-179,,,-1
14:41:30,,,180,,,-1
14:41:35,,,-35,,,-1
14:41:40,,,72,,,-1
14:41:45,,,129,,,-1
14:41:50,,,-163,,,-1
14:41:55,,,149,,,-1
14:42:00,,,61,,,-1
14:42:05,,,-42,,,-1
14:42:10,,,-47,,,-1
14:42:15,,,-82,,,-1
14:42:20,,,-114,,,-1
14:42:25,,,148,,,-1
14:42:30,,,51,,,-1
14:42:35,,,-122,,,-1
14:42:40,,,128,,,-1
14:42:45,,,146,,,-1
14:42:50,,,152,,,-1
14:42:55,,,-131,,,-1
14:43:00,,,57,,,-1
14:43:05,,,22,,,-1
14:43:10,,,-156,,,-1
14:43:15,,,47,,,-1
14:43:20,,,180,,,-1
14:43:25,,,40,,,-1
14:43:30,,,19,,,-1
14:43:35,,,95,,,-1
14:43:40,,,-97,,,-1
14:43:45,,,25,,,-1
14:43:50,,,73,,,-1
14:43:55,,,-154,,,-1
14:44:00,,,175,,,-1
14:44:05,,,-176,,,-1
14:44:10,,,167,,,-1
14:44:15,,,49,,,-1
14:44:20,,,-46,,,-1
14:44:25,,,-55,,,-1
14:44:30,,,-110,,,-1
14:44:35,,,-152,,,-1
14:44:40,,,-9,,,-1
14:44:45,,,135,,,-1
14:44:50,,,54,,,-1
14:44:55,,,77,,,-1
14:45:00,,,-41,,,-1
14:45:05,,,-117,,,-1
14:45:10,,,-156,,,-1
14:45:15,,,159,,,-1
14:45:20,,,111,,,-1
14:45:25,,,-36,,,-1
14:45:30,,,114,,,-1
14:45:35,,,72,,,-1
14:45:40,,,102,,,-1
14:45:45,,,-116,,,-1
14:45:50,,,12,,,-1
14:45:55,,,113,,,-1
14:46:00,,,-52,,,-1
14:46:05,,,80,,,-1
14:46:10,,,-159,,,-1
14:46:15,,,45,,,-1
14:46:20,,,180,,,-1
14:46:25,,,60,,,-1
14:46:30,,,-72,,,-1
14:46:35,,,-101,,,-1
14:46:40,,,173,,,-1
14:46:45,,,148,,,-1
14:46:50,,,123,,,-1
14:46:55,,,-12,,,-1
14:47:00,,,69,,,-1
14:47:05,,,-174,,,-1
14:47:10,,,110,,,-1
14:47:15,,,-151,,,-1
14:47:20,,,78,,,-1
14:47:25,,,-75,,,-1
14:47:30,,,-71,,,-1
14:47:35,,,-75,,,-1
14:47:40,,,39,,,-1
14:47:45,,,97,,,-1
14:47:50,,,29,,,-1
14:47:55,,,-121,,,-1
14:48:00,,,66,,,-1
14:48:05,,,70,,,-1
14:48:10,,,6,,,-1
14:48:15,,,-170,,,-1
14:48:20,,,-72,,,-1
14:48:25,,,172,,,-1
14:48:30,,,-153,,,-1
14:48:35,,,151,,,-1
14:48:40,,,-28,,,-1
14:48:45,,,-29,,,-1
14:48:50,,,-123,,,-1
14:48:55,,,-9,,,-1
14:49:00,,,-163,,,-1
14:49:05,,,-23,,,-1
14:49:10,,,-80,,,-1
14:49:15,,,-88,,,-1
14:49:20,,,-76,,,-1
14:49:25,,,-116,,,-1
14:49:30,,,156,,,-1
14:49:35,,,44,,,-1
14:49:40,,,-149,,,-1
14:49:45,,,-161,,,-1
14:49:50,,,16,,,-1
14:49:55,,,174,,,-1
14:50:00,,,41,,,-1
14:50:05,,,-59,,,-1
14:50:10,,,-88,,,-1
14:50:15,,,122,,,-1
14:50:20,,,94,,,-1
14:50:25,,,49,,,-1
14:50:30,,,17,,,-1
14:50:35,,,-27,,,-1
14:50:40,,,41,,,-1
14:50:45,,,-22,,,-1
14:50:50,,,43,,,-1
14:50:55,,,-144,,,-1
14:51:00,,,-93,,,-1
14:51:05,,,-178,,,-1
14:51:10,,,-90,,,-1
14:51:15,,,146,,,-1
14:51:20,,,-64,,,-1
14:51:25,,,156,,,-1
14:51:30,,,142,,,-1
14:51:35,,,-79,,,-1
14:51:40,,,45,,,-1
14:51:45,,,38,,,-1
14:51:50,,,35,,,-1
14:51:55,,,15,,,-1
14:52:00,,,-26,,,-1
14:52:05,,,-82,,,-1
14:52:10,,,-87,,,-1
14:52:15,,,-25,,,-1
14:52:20,,,80,,,-1
14:52:25,,,28,,,-1
14:52:30,,,11,,,-1
14:52:35,,,47,,,-1
14:52:40,,,34,,,-1
14:52:45,,,36,,,-1
14:52:50,,,14,,,-1
14:52:55,,,-127,,,-1
14:53:00,,,-165,,,-1
14:53:05,,,31,,,-1
14:53:10,,,-53,,,-1
14:53:15,,,17,,,-1
14:53:20,,,-175,,,-1
14:53:25,,,-82,,,-1
14:53:30,,,-60,,,-1
14:53:35,,,-170,,,-1
14:53:40,,,-115,,,-1
14:53:45,,,82,,,-1
14:53:50,,,45,,,-1
14:53:55,,,-54,,,-1
14:54:00,,,-75,,,-1
14:54:05,,,-67,,,-1
14:54:10,,,-10,,,-1
14:54:15,,,73,,,-1
14:54:20,,,-68,,,-1
14:54:25,,,35,,,-1
14:54:30,,,-2,,,-1
14:54:35,,,114,,,-1
14:54:40,,,84,,,-1
14:54:45,,,169,,,-1
14:54:50,,,-138,,,-1
14:54:55,,,134,,,-1
14:55:00,,,150,,,-1
14:55:05,,,-85,,,-1
14:55:10,,,9,,,-1
14:55:15,,,122,,,-1
14:55:20,,,65,,,-1
14:55:25,,,-111,,,-1
14:55:30,,,164,,,-1
14:55:35,,,32,,,-1
14:55:40,,,-81,,,-1
14:55:45,,,111,,,-1
14:55:50,,,149,,,-1
14:55:55,,,-146,,,-1
14:56:00,,,96,,,-1
14:56:05,,,-144,,,-1
14:56:10,,,9,,,-1
14:56:15,,,140,,,-1
14:56:20,,,-23,,,-1
14:56:25,,,-149,,,-1
14:56:30,,,-106,,,-1
14:56:35,,,-140,,,-1
14:56:40,,,-159,,,-1
14:56:45,,,33,,,-1
14:56:50,,,-115,,,-1
14:56:55,,,-62,,,-1
14:57:00,,,8,,,-1
14:57:05,,,-23,,,-1
14:57:10,,,-168,,,-1
14:57:15,,,167,,,-1
14:57:20,,,-142,,,-1
14:57:25,,,133,,,-1
14:57:30,,,159,,,-1
14:57:35,,,-154,,,-1
14:57:40,,,148,,,-1
14:57:45,,,23,,,-1
14:57:50,,,-77,,,-1
14:57:55,,,127,,,-1
14:58:00,,,18,,,-1
14:58:05,,,-145,,,-1
14:58:10,,,159,,,-1
14:58:15,,,59,,,-1
14:58:20,,,100,,,-1
14:58:25,,,-72,,,-1
14:58:30,,,31,,,-1
14:58:35,,,176,,,-1
14:58:40,,,-57,,,-1
14:58:45,,,50,,,-1
14:58:50,,,-55,,,-1
14:58:55,,,22,,,-1
14:59:00,,,-109,,,-1
14:59:05,,,-89,,,-1
14:59:10,,,-121,,,-1
14:59:15,,,108,,,-1
14:59:20,,,-1,,,-1
14:59:25,,,-110,,,-1
14:59:30,,,72,,,-1
14:59:35,,,-114,,,-1
14:59:40,,,53,,,-1
14:59:45,,,39,,,-1
14:59:50,,,-165,,,-1
14:59:55,,,22,,,-1
15:00:00,,,-115,,,-1
15:00:05,,,169,,,-1
15:00:10,,,-170,,,-1
15:00:15,,,116,,,-1
15:00:20,,,-86,,,-1
15:00:25,,,-77,,,-1
15:00:30,,,-86,,,-1
15:00:35,,,115,,,-1
15:00:40,,,59,,,-1
15:00:45,,,60,,,-1
15:00:50,,,-87,,,-1
15:00:55,,,137,,,-1
15:01:00,,,30,,,-1
15:01:05,,,-151,,,-1
15:01:10,,,-155,,,-1
15:01:15,,,-116,,,-1
15:01:20,,,38,,,-1
15:01:25,,,-138,,,-1
15:01:30,,,-132,,,-1
15:01:35,,,-150,,,-1
15:01:40,,,-54,,,-1
15:01:45,,,18,,,-1
15:01:50,,,74,,,-1
15:01:55,,,120,,,-1
15:02:00,,,0,,,-1
15:02:05,,,67,,,-1
15:02:10,,,3,,,-1
15:02:15,,,-19,,,-1
15:02:20,,,-16,,,-1
15:02:25,,,168,,,-1
15:02:30,,,178,,,-1
15:02:35,,,119,,,-1
15:02:40,,,140,,,-1
15:02:45,,,-73,,,-1
15:02:50,,,-53,,,-1
15:02:55,,,-157,,,-1
15:03:00,,,84,,,-1
15:03:05,,,120,,,-1
15:03:10,,,-75,,,-1
15:03:15,,,0,,,-1
15:03:20,,,-108,,,-1
15:03:25,,,-4,,,-1
15:03:30,,,110,,,-1
15:03:35,,,-149,,,-1
15:03:40,,,-81,,,-1
15:03:45,,,-71,,,-1
15:03:50,,,-59,,,-1
15:03:55,,,147,,,-1
15:04:00,,,-171,,,-1
15:04:05,,,-48,,,-1
15:04:10,,,-94,,,-1
15:04:15,,,-23,,,-1
15:04:20,,,118,,,-1
15:04:25,,,166,,,-1
15:04:30,,,162,,,-1
15:04:35,,,-127,,,-1
15:04:40,,,12,,,-1
15:04:45,,,73,,,-1
15:04:50,,,-49,,,-1
15:04:55,,,94,,,-1
15:05:00,,,-174,,,-1
15:05:05,,,-164,,,-1
15:05:10,,,92,,,-1
15:05:15,,,-33,,,-1
15:05:20,,,-108,,,-1
15:05:25,,,-128,,,-1
15:05:30,,,-102,,,-1
15:05:35,,,-75,,,-1
15:05:40,,,-105,,,-1
15:05:45,,,-49,,,-1
15:05:50,,,120,,,-1
15:05:55,,,72,,,-1
15:06:00,,,-154,,,-1
15:06:05,,,67,,,-1
15:06:10,,,-156,,,-1
15:06:15,,,170,,,-1
15:06:20,,,127,,,-1
15:06:25,,,-143,,,-1
15:06:30,,,86,,,-1
15:06:35,,,103,,,-1
15:06:40,,,-132,,,-1
15:06:45,,,-154,,,-1
15:06:50,,,-169,,,-1
15:06:55,,,76,,,-1
15:07:00,,,82,,,-1
15:07:05,,,144,,,-1
15:07:10,,,-130,,,-1
15:07:15,,,-29,,,-1
15:07:20,,,111,,,-1
15:07:25,,,173,,,-1
15:07:30,,,70,,,-1
15:07:35,,,-79,,,-1
15:07:40,,,-33,,,-1
15:07:45,,,-171,,,-1
15:07:50,,,-178,,,-1
15:07:55,,,55,,,-1
15:08:00,,,147,,,-1
15:08:05,,,147,,,-1
15:08:10,,,152,,,-1
15:08:15,,,-53,,,-1
15:08:20,,,-14,,,-1
15:08:25,,,-5,,,-1
15:08:30,,,-164,,,-1
15:08:35,,,37,,,-1
15:08:40,,,168,,,-1
15:08:45,,,-63,,,-1
15:08:50,,,-18,,,-1
15:08:55,,,121,,,-1
15:09:00,,,-30,,,-1
15:09:05,,,-71,,,-1
15:09:10,,,-97,,,-1
15:09:15,,,-43,,,-1
15:09:20,,,-72,,,-1
15:09:25,,,-59,,,-1
15:09:30,,,109,,,-1
15:09:35,,,88,,,-1
15:09:40,,,16,,,-1
15:09:45,,,-94,,,-1
15:09:50,,,-129,,,-1
15:09:55,,,75,,,-1
15:10:00,,,-141,,,-1
15:10:05,,,-8,,,-1
15:10:10,,,143,,,-1
15:10:15,,,58,,,-1
15:10:20,,,70,,,-1
15:10:25,,,168,,,-1
15:10:30,,,-103,,,-1
15:10:35,,,-61,,,-1
15:10:40,,,-9,,,-1
15:10:45,,,88,,,-1
15:10:50,,,-15,,,-1
15:10:55,,,-16,,,-1
15:11:00,,,-53,,,-1
15:11:05,,,11,,,-1
15:11:10,,,-85,,,-1
15:11:15,,,168,,,-1
15:11:20,,,5,,,-1
15:11:25,,,28,,,-1
15:11:30,,,-156,,,-1
15:11:35,,,-28,,,-1
15:11:40,,,-5,,,-1
15:11:45,,,-33,,,-1
15:11:50,,,-44,,,-1
15:11:55,,,179,,,-1
15:12:00,,,-163,,,-1
15:12:05,,,-122,,,-1
15:12:10,,,92,,,-1
15:12:15,,,147,,,-1
15:12:20,,,71,,,-1
15:12:25,,,-166,,,-1
15:12:30,,,105,,,-1
15:12:35,,,-108,,,-1
15:12:40,,,-170,,,-1
15:12:45,,,-14,,,-1
15:12:50,,,-34,,,-1
15:12:55,,,21,,,-1
15:13:00,,,-31,,,-1
15:13:05,,,76,,,-1
15:13:10,,,61,,,-1
15:13:15,,,44,,,-1
15:13:20,,,-167,,,-1
15:13:25,,,11,,,-1
15:13:30,,,-151,,,-1
15:13:35,,,42,,,-1
15:13:40,,,-13,,,-1
15:13:45,,,-13,,,-1
15:13:50,,,-177,,,-1
15:13:55,,,-70,,,-1
15:14:00,,,88,,,-1
15:14:05,,,-89,,,-1
15:14:10,,,124,,,-1
15:14:15,,,173,,,-1
15:14:20,,,153,,,-1
15:14:25,,,31,,,-1
15:14:30,,,-19,,,-1
15:14:35,,,107,,,-1
15:14:40,,,134,,,-1
15:14:45,,,-131,,,-1
15:14:50,,,99,,,-1
15:14:55,,,-16,,,-1
15:15:00,,,-124,,,-1
15:15:05,,,-25,,,-1
15:15:10,,,20,,,-1
15:15:15,,,-52,,,-1
15:15:20,,,1,,,-1
15:15:25,,,164,,,-1
15:15:30,,,63,,,-1
15:15:35,,,122,,,-1
15:15:40,,,159,,,-1
15:15:45,,,-70,,,-1
15:15:50,,,24,,,-1
15:15:55,,,138,,,-1
15:16:00,,,-162,,,-1
15:16:05,,,147,,,-1
15:16:10,,,28,,,-1
15:16:15,,,-130,,,-1
15:16:20,,,25,,,-1
15:16:25,,,130,,,-1
15:16:30,,,2,,,-1
15:16:35,,,-107,,,-1
15:16:40,,,-76,,,-1
15:16:45,,,-49,,,-1
15:16:50,,,67,,,-1
15:16:55,,,100,,,-1
15:17:00,,,-17,,,-1
15:17:05,,,-64,,,-1
15:17:10,,,171,,,-1
15:17:15,,,46,,,-1
15:17:20,,,-38,,,-1
15:17:25,,,-158,,,-1
15:17:30,,,94,,,-1
15:17:35,,,-82,,,-1
15:17:40,,,-43,,,-1
15:17:45,,,-100,,,-1
15:17:50,,,144,,,-1
15:17:55,,,52,,,-1
15:18:00,,,2,,,-1
15:18:05,,,-73,,,-1
15:18:10,,,98,,,-1
15:18:15,,,74,,,-1
15:18:20,,,132,,,-1
15:18:25,,,-100,,,-1
15:18:30,,,159,,,-1
15:18:35,,,17,,,-1
15:18:40,,,178,,,-1
15:18:45,,,-133,,,-1
15:18:50,,,9,,,-1
15:18:55,,,-5,,,-1
15:19:00,,,-134,,,-1
15:19:05,,,-82,,,-1
15:19:10,,,-105,,,-1
15:19:15,,,147,,,-1
15:19:20,,,45,,,-1
15:19:25,,,-106,,,-1
15:19:30,,,82,,,-1
15:19:35,,,179,,,-1
15:19:40,,,151,,,-1
15:19:45,,,-119,,,-1
15:19:50,,,-34,,,-1
15:19:55,,,-173,,,-1
15:20:00,,,-124,,,-1
15:20:05,,,108,,,-1
15:20:10,,,-119,,,-1
15:20:15,,,87,,,-1
15:20:20,,,-96,,,-1
15:20:25,,,104,,,-1
15:20:30,,,-72,,,-1
15:20:35,,,91,,,-1
15:20:40,,,60,,,-1
15:20:45,,,-83,,,-1
15:20:50,,,-37,,,-1
15:20:55,,,31,,,-1
15:21:00,,,-153,,,-1
15:21:05,,,-172,,,-1
15:21:10,,,-82,,,-1
15:21:15,,,-43,,,-1
15:21:20,,,-35,,,-1
15:21:25,,,108,,,-1
15:21:30,,,13,,,-1
15:21:35,,,22,,,-1
15:21:40,,,141,,,-1
15:21:45,,,-4,,,-1
15:21:50,,,102,,,-1
15:21:55,,,132,,,-1
15:22:00,,,-51,,,-1
15:22:05,,,-52,,,-1
15:22:10,,,-144,,,-1
15:22:15,,,139,,,-1
15:22:20,,,137,,,-1
15:22:25,,,-115,,,-1
15:22:30,,,-84,,,-1
15:22:35,,,10,,,-1
15:22:40,,,159,,,-1
15:22:45,,,-34,,,-1
15:22:50,,,133,,,-1
15:22:55,,,-159,,,-1
15:23:00,,,54,,,-1
15:23:05,,,-71,,,-1
15:23:10,,,68,,,-1
15:23:15,,,32,,,-1
15:23:20,,,179,,,-1
15:23:25,,,-47,,,-1
15:23:30,,,-86,,,-1
15:23:35,,,-44,,,-1
15:23:40,,,-104,,,-1
15:23:45,,,101,,,-1
15:23:50,,,-174,,,-1
15:23:55,,,157,,,-1
15:24:00,,,18,,,-1
15:24:05,,,-42,,,-1
15:24:10,,,171,,,-1
15:24:15,,,147,,,-1
15:24:20,,,152,,,-1
15:24:25,,,43,,,-1
15:24:30,,,-144,,,-1
15:24:35,,,125,,,-1
15:24:40,,,-125,,,-1
15:24:45,,,-178,,,-1
15:24:50,,,-114,,,-1
15:24:55,,,180,,,-1
15:25:00,,,-117,,,-1
15:25:05,,,-55,,,-1
15:25:10,,,76,,,-1
15:25:15,,,49,,,-1
15:25:20,,,38,,,-1
15:25:25,,,77,,,-1
15:25:30,,,-66,,,-1
15:25:35,,,148,,,-1
15:25:40,,,157,,,-1
15:25:45,,,-45,,,-1
15:25:50,,,101,,,-1
15:25:55,,,-26,,,-1
15:26:00,,,162,,,-1
15:26:05,,,-42,,,-1
15:26:10,,,-153,,,-1
15:26:15,,,-55,,,-1
15:26:20,,,175,,,-1
15:26:25,,,104,,,-1
15:26:30,,,-37,,,-1
15:26:35,,,176,,,-1
15:26:40,,,-93,,,-1
15:26:45,,,-145,,,-1
15:26:50,,,46,,,-1
15:26:55,,,97,,,-1
15:27:00,,,88,,,-1
15:27:05,,,7,,,-1
15:27:10,,,-175,,,-1
15:27:15,,,-93,,,-1
15:27:20,,,-124,,,-1
15:27:25,,,-167,,,-1
15:27:30,,,86,,,-1
15:27:35,,,-9,,,-1
15:27:40,,,-155,,,-1
15:27:45,,,-175,,,-1
15:27:50,,,-31,,,-1
15:27:55,,,5,,,-1
15:28:00,,,-160,,,-1
15:28:05,,,164,,,-1
15:28:10,,,44,,,-1
15:28:15,,,-172,,,-1
15:28:20,,,-59,,,-1
15:28:25,,,-86,,,-1
15:28:30,,,55,,,-1
15:28:35,,,41,,,-1
15:28:40,,,142,,,-1
15:28:45,,,64,,,-1
15:28:50,,,-13,,,-1
15:28:55,,,131,,,-1
15:29:00,,,146,,,-1
15:29:05,,,-87,,,-1
15:29:10,,,148,,,-1
15:29:15,,,-174,,,-1
15:29:20,,,15,,,-1
15:29:25,,,-147,,,-1
15:29:30,,,-86,,,-1
15:29:35,,,79,,,-1
15:29:40,,,180,,,-1
15:29:45,,,-34,,,-1
15:29:50,,,-43,,,-1
15:29:55,,,-57,,,-1
15:30:00,,,116,,,-1
15:30:05,,,-140,,,-1
15:30:10,,,61,,,-1
15:30:15,,,77,,,-1
15:30:20,,,50,,,-1
15:30:25,,,122,,,-1
15:30:30,,,-103,,,-1
15:30:35,,,73,,,-1
15:30:40,,,-91,,,-1
15:30:45,,,132,,,-1
15:30:50,,,74,,,-1
15:30:55,,,-31,,,-1
15:31:00,,,-148,,,-1
15:31:05,,,-160,,,-1
15:31:10,,,60,,,-1
15:31:15,,,-82,,,-1
15:31:20,,,-140,,,-1
15:31:25,,,109,,,-1
15:31:30,,,47,,,-1
15:31:35,,,-64,,,-1
15:31:40,,,115,,,-1
15:31:45,,,154,,,-1
15:31:50,,,-176,,,-1
15:31:55,,,-82,,,-1
15:32:00,,,31,,,-1
15:32:05,,,-158,,,-1
15:32:10,,,-136,,,-1
15:32:15,,,143,,,-1
15:32:20,,,15,,,-1
15:32:25,,,-175,,,-1
15:32:30,,,-64,,,-1
15:32:35,,,-77,,,-1
15:32:40,,,-164,,,-1
15:32:45,,,-18,,,-1
15:32:50,,,-36,,,-1
15:32:55,,,-136,,,-1
15:33:00,,,-140,,,-1
15:33:05,,,-112,,,-1
15:33:10,,,86,,,-1
15:33:15,,,92,,,-1
15:33:20,,,-38,,,-1
15:33:25,,,-80,,,-1
15:33:30,,,-29,,,-1
15:33:35,,,-98,,,-1
15:33:40,,,-165,,,-1
15:33:45,,,-75,,,-1
15:33:50,,,151,,,-1
15:33:55,,,-112,,,-1
15:34:00,,,91,,,-1
15:34:05,,,168,,,-1
15:34:10,,,5,,,-1
15:34:15,,,139,,,-1
15:34:20,,,177,,,-1
15:34:25,,,-34,,,-1
15:34:30,,,-95,,,-1
15:34:35,,,66,,,-1
15:34:40,,,121,,,-1
15:34:45,,,-54,,,-1
15:34:50,,,-53,,,-1
15:34:55,,,-123,,,-1
15:35:00,,,117,,,-1
15:35:05,,,74,,,-1
15:35:10,,,-119,,,-1
15:35:15,,,14,,,-1
15:35:20,,,37,,,-1
15:35:25,,,-61,,,-1
15:35:30,,,60,,,-1
15:35:35,,,-28,,,-1
15:35:40,,,119,,,-1
15:35:45,,,61,,,-1
15:35:50,,,176,,,-1
15:35:55,,,60,,,-1
15:36:00,,,53,,,-1
15:36:05,,,52,,,-1
15:36:10,,,-50,,,-1
15:36:15,,,10,,,-1
15:36:20,,,58,,,-1
15:36:25,,,-30,,,-1
15:36:30,,,-72,,,-1
15:36:35,,,-23,,,-1
15:36:40,,,158,,,-1
15:36:45,,,-176,,,-1
15:36:50,,,-150,,,-1
15:36:55,,,-176,,,-1
15:37:00,,,26,,,-1
15:37:05,,,176,,,-1
15:37:10,,,-15,,,-1
15:37:15,,,-176,,,-1
15:37:20,,,-142,,,-1
15:37:25,,,-132,,,-1
15:37:30,,,-65,,,-1
15:37:35,,,108,,,-1
15:37:40,,,-133,,,-1
15:37:45,,,-148,,,-1
15:37:50,,,-171,,,-1
15:37:55,,,-88,,,-1
15:38:00,,,126,,,-1
15:38:05,,,167,,,-1
15:38:10,,,-12,,,-1
15:38:15,,,104,,,-1
15:38:20,,,-50,,,-1
15:38:25,,,-175,,,-1
15:38:30,,,-174,,,-1
15:38:35,,,141,,,-1
15:38:40,,,-141,,,-1
15:38:45,,,-54,,,-1
15:38:50,,,-72,,,-1
15:38:55,,,-83,,,-1
15:39:00,,,-72,,,-1
15:39:05,,,-87,,,-1
15:39:10,,,-134,,,-1
15:39:15,,,-149,,,-1
15:39:20,,,-159,,,-1
15:39:25,,,-41,,,-1
15:39:30,,,-7,,,-1
15:39:35,,,-88,,,-1
15:39:40,,,164,,,-1
15:39:45,,,-8,,,-1
15:39:50,,,33,,,-1
15:39:55,,,96,,,-1
15:40:00,,,-134,,,-1
15:40:05,,,-135,,,-1
15:40:10,,,109,,,-1
15:40:15,,,-98,,,-1
15:40:20,,,59,,,-1
15:40:25,,,-22,,,-1
15:40:30,,,94,,,-1
15:40:35,,,-46,,,-1
15:40:40,,,85,,,-1
15:40:45,,,-162,,,-1
15:40:50,,,99,,,-1
15:40:55,,,-138,,,-1
15:41:00,,,-60,,,-1
15:41:05,,,-23,,,-1
15:41:10,,,-83,,,-1
15:41:15,,,37,,,-1
15:41:20,,,144,,,-1
15:41:25,,,-85,,,-1
15:41:30,,,-15,,,-1
15:41:35,,,-156,,,-1
15:41:40,,,115,,,-1
15:41:45,,,-122,,,-1
15:41:50,,,19,,,-1
15:41:55,,,-176,,,-1
15:42:00,,,179,,,-1
15:42:05,,,-168,,,-1
15:42:10,,,-173,,,-1
15:42:15,,,80,,,-1
15:42:20,,,-177,,,-1
15:42:25,,,-74,,,-1
15:42:30,,,-28,,,-1
15:42:35,,,-71,,,-1
15:42:40,,,-168,,,-1
15:42:45,,,130,,,-1
15:42:50,,,110,,,-1
15:42:55,,,121,,,-1
15:43:00,,,-50,,,-1
15:43:05,,,-177,,,-1
15:43:10,,,-27,,,-1
15:43:15,,,140,,,-1
15:43:20,,,85,,,-1
15:43:25,,,-48,,,-1
15:43:30,,,-160,,,-1
15:43:35,,,35,,,-1
15:43:40,,,-171,,,-1
15:43:45,,,59,,,-1
15:43:50,,,-48,,,-1
15:43:55,,,-132,,,-1
15:44:00,,,47,,,-1
15:44:05,,,14,,,-1
15:44:10,,,-134,,,-1
15:44:15,,,-56,,,-1
15:44:20,,,0,,,-1
15:44:25,,,-46,,,-1
15:44:30,,,98,,,-1
15:44:35,,,124,,,-1
15:44:40,,,-101,,,-1
15:44:45,,,179,,,-1
15:44:50,,,19,,,-1
15:44:55,,,-16,,,-1
15:45:00,,,165,,,-1
15:45:05,,,-111,,,-1
15:45:10,,,-178,,,-1
15:45:15,,,98,,,-1
15:45:20,,,129,,,-1
15:45:25,,,176,,,-1
15:45:30,,,3,,,-1
15:45:35,,,178,,,-1
15:45:40,,,38,,,-1
15:45:45,,,-79,,,-1
15:45:50,,,-36,,,-1
15:45:55,,,-67,,,-1
15:46:00,,,144,,,-1
15:46:05,,,-155,,,-1
15:46:10,,,176,,,-1
15:46:15,,,-63,,,-1
15:46:20,,,-123,,,-1
15:46:25,,,-69,,,-1
15:46:30,,,150,,,-1
15:46:35,,,-21,,,-1
15:46:40,,,76,,,-1
15:46:45,,,-24,,,-1
15:46:50,,,-90,,,-1
15:46:55,,,-106,,,-1
15:47:00,,,139,,,-1
15:47:05,,,-126,,,-1
15:47:10,,,-12,,,-1
15:47:15,,,-4,,,-1
15:47:20,,,-126,,,-1
15:47:25,,,125,,,-1
15:47:30,,,116,,,-1
15:47:35,,,48,,,-1
15:47:40,,,54,,,-1
15:47:45,,,162,,,-1
15:47:50,,,176,,,-1
15:47:55,,,-45,,,-1
15:48:00,,,-103,,,-1
15:48:05,,,125,,,-1
15:48:10,,,-26,,,-1
15:48:15,,,162,,,-1
15:48:20,,,105,,,-1
15:48:25,,,-129,,,-1
15:48:30,,,109,,,-1
15:48:35,,,-58,,,-1
15:48:40,,,-23,,,-1
15:48:45,,,-13,,,-1
15:48:50,,,-2,,,-1
15:48:55,,,157,,,-1
15:49:00,,,-145,,,-1
15:49:05,,,152,,,-1
15:49:10,,,131,,,-1
15:49:15,,,-159,,,-1
15:49:20,,,-76,,,-1
15:49:25,,,50,,,-1
15:49:30,,,124,,,-1
15:49:35,,,-178,,,-1
15:49:40,,,99,,,-1
15:49:45,,,-148,,,-1
15:49:50,,,-31,,,-1
15:49:55,,,-97,,,-1
15:50:00,,,-104,,,-1
15:50:05,,,-9,,,-1
15:50:10,,,62,,,-1
15:50:15,,,-112,,,-1
15:50:20,,,5,,,-1
15:50:25,,,-174,,,-1
15:50:30,,,169,,,-1
15:50:35,,,-46,,,-1
15:50:40,,,-46,,,-1
15:50:45,,,143,,,-1
15:50:50,,,-156,,,-1
15:50:55,,,-31,,,-1
15:51:00,,,143,,,-1
15:51:05,,,71,,,-1
15:51:10,,,107,,,-1
15:51:15,,,120,,,-1
15:51:20,,,130,,,-1
15:51:25,,,31,,,-1
15:51:30,,,75,,,-1
15:51:35,,,-87,,,-1
15:51:40,,,-1,,,-1
15:51:45,,,141,,,-1
15:51:50,,,104,,,-1
15:51:55,,,109,,,-1
15:52:00,,,-47,,,-1
15:52:05,,,-13,,,-1
15:52:10,,,79,,,-1
15:52:15,,,34,,,-1
15:52:20,,,121,,,-1
15:52:25,,,-27,,,-1
15:52:30,,,-80,,,-1
15:52:35,,,2,,,-1
15:52:40,,,58,,,-1
15:52:45,,,-27,,,-1
15:52:50,,,76,,,-1
15:52:55,,,54,,,-1
15:53:00,,,-39,,,-1
15:53:05,,,71,,,-1
15:53:10,,,-134,,,-1
15:53:15,,,65,,,-1
15:53:20,,,180,,,-1
15:53:25,,,-138,,,-1
15:53:30,,,-41,,,-1
15:53:35,,,154,,,-1
15:53:40,,,159,,,-1
15:53:45,,,-118,,,-1
15:53:50,,,-44,,,-1
15:53:55,,,-172,,,-1
15:54:00,,,-121,,,-1
15:54:05,,,50,,,-1
15:54:10,,,167,,,-1
15:54:15,,,175,,,-1
15:54:20,,,-27,,,-1
15:54:25,,,-111,,,-1
15:54:30,,,33,,,-1
15:54:35,,,-166,,,-1
15:54:40,,,174,,,-1
15:54:45,,,-25,,,-1
15:54:50,,,23,,,-1
15:54:55,,,-132,,,-1
15:55:00,,,149,,,-1
15:55:05,,,-158,,,-1
15:55:10,,,43,,,-1
15:55:15,,,165,,,-1
15:55:20,,,-123,,,-1
15:55:25,,,45,,,-1
15:55:30,,,28,,,-1
15:55:35,,,-62,,,-1
15:55:40,,,165,,,-1
15:55:45,,,-82,,,-1
15:55:50,,,78,,,-1
15:55:55,,,117,,,-1
15:56:00,,,83,,,-1
15:56:05,,,34,,,-1
15:56:10,,,-45,,,-1
15:56:15,,,5,,,-1
15:56:20,,,87,,,-1
15:56:25,,,-62,,,-1
15:56:30,,,105,,,-1
15:56:35,,,145,,,-1
15:56:40,,,-139,,,-1
15:56:45,,,-146,,,-1
15:56:50,,,-84,,,-1
15:56:55,,,-95,,,-1
15:57:00,,,-139,,,-1
15:57:05,,,46,,,-1
15:57:10,,,16,,,-1
15:57:15,,,64,,,-1
15:57:20,,,66,,,-1
15:57:25,,,-87,,,-1
15:57:30,,,-157,,,-1
15:57:35,,,133,,,-1
15:57:40,,,130,,,-1
15:57:45,,,117,,,-1
15:57:50,,,44,,,-1
15:57:55,,,139,,,-1
15:58:00,,,170,,,-1
15:58:05,,,-7,,,-1
15:58:10,,,-14,,,-1
15:58:15,,,-40,,,-1
15:58:20,,,71,,,-1
15:58:25,,,137,,,-1
15:58:30,,,-141,,,-1
15:58:35,,,180,,,-1
15:58:40,,,50,,,-1
15:58:45,,,42,,,-1
15:58:50,,,127,,,-1
15:58:55,,,-47,,,-1
15:59:00,,,-2,,,-1
15:59:05,,,151,,,-1
15:59:10,,,170,,,-1
15:59:15,,,-157,,,-1
15:59:20,,,-27,,,-1
15:59:25,,,-78,,,-1
15:59:30,,,89,,,-1
15:59:35,,,-76,,,-1
15:59:40,,,50,,,-1
15:59:45,,,-78,,,-1
15:59:50,,,-174,,,-1
15:59:55,,,-124,,,-1
16:00:00,,,-39,,,-1
16:00:05,,,-10,,,-1
16:00:10,,,-76,,,-1
16:00:15,,,-93,,,-1
16:00:20,,,-64,,,-1
16:00:25,,,90,,,-1
16:00:30,,,137,,,-1
16:00:35,,,-66,,,-1
16:00:40,,,-136,,,-1
16:00:45,,,37,,,-1
16:00:50,,,-135,,,-1
16:00:55,,,-142,,,-1
16:01:00,,,-23,,,-1
16:01:05,,,-45,,,-1
16:01:10,,,-16,,,-1
16:01:15,,,120,,,-1
16:01:20,,,134,,,-1
16:01:25,,,162,,,-1
16:01:30,,,7,,,-1
16:01:35,,,-13,,,-1
16:01:40,,,153,,,-1
16:01:45,,,-83,,,-1
16:01:50,,,-25,,,-1
16:01:55,,,53,,,-1
16:02:00,,,135,,,-1
16:02:05,,,-68,,,-1
16:02:10,,,-132,,,-1
16:02:15,,,127,,,-1
16:02:20,,,-21,,,-1
16:02:25,,,32,,,-1
16:02:30,,,-155,,,-1
16:02:35,,,-89,,,-1
16:02:40,,,-110,,,-1
16:02:45,,,-33,,,-1
16:02:50,,,97,,,-1
16:02:55,,,-138,,,-1
16:03:00,,,161,,,-1
16:03:05,,,143,,,-1
16:03:10,,,64,,,-1
16:03:15,,,-53,,,-1
16:03:20,,,-161,,,-1
16:03:25,,,-169,,,-1
16:03:30,,,-90,,,-1
16:03:35,,,134,,,-1
16:03:40,,,-51,,,-1
16:03:45,,,-148,,,-1
16:03:50,,,-24,,,-1
16:03:55,,,94,,,-1
16:04:00,,,-20,,,-1
16:04:05,,,-169,,,-1
16:04:10,,,-159,,,-1
16:04:15,,,-96,,,-1
16:04:20,,,-118,,,-1
16:04:25,,,-161,,,-1
16:04:30,,,89,,,-1
16:04:35,,,-135,,,-1
16:04:40,,,160,,,-1
16:04:45,,,-84,,,-1
16:04:50,,,34,,,-1
16:04:55,,,-21,,,-1
16:05:00,,,-130,,,-1
16:05:05,,,49,,,-1
16:05:10,,,131,,,-1
16:05:15,,,-170,,,-1
16:05:20,,,131,,,-1
16:05:25,,,-44,,,-1
16:05:30,,,137,,,-1
16:05:35,,,87,,,-1
16:05:40,,,-76,,,-1
16:05:45,,,156,,,-1
16:05:50,,,-18,,,-1
16:05:55,,,-136,,,-1
16:06:00,,,-151,,,-1
16:06:05,,,34,,,-1
16:06:10,,,63,,,-1
16:06:15,,,61,,,-1
16:06:20,,,100,,,-1
16:06:25,,,165,,,-1
16:06:30,,,-9,,,-1
16:06:35,,,32,,,-1
16:06:40,,,79,,,-1
16:06:45,,,-178,,,-1
16:06:50,,,163,,,-1
16:06:55,,,-59,,,-1
16:07:00,,,-62,,,-1
16:07:05,,,-171,,,-1
16:07:10,,,122,,,-1
16:07:15,,,41,,,-1
16:07:20,,,16,,,-1
16:07:25,,,40,,,-1
16:07:30,,,7,,,-1
16:07:35,,,89,,,-1
16:07:40,,,-142,,,-1
16:07:45,,,-95,,,-1
16:07:50,,,116,,,-1
16:07:55,,,179,,,-1
16:08:00,,,-31,,,-1
16:08:05,,,-61,,,-1
16:08:10,,,-16,,,-1
16:08:15,,,162,,,-1
16:08:20,,,149,,,-1
16:08:25,,,-94,,,-1
16:08:30,,,58,,,-1
16:08:35,,,7,,,-1
16:08:40,,,-46,,,-1
16:08:45,,,-30,,,-1
16:08:50,,,109,,,-1
16:08:55,,,133,,,-1
16:09:00,,,153,,,-1
16:09:05,,,-115,,,-1
16:09:10,,,175,,,-1
16:09:15,,,124,,,-1
16:09:20,,,114,,,-1
16:09:25,,,117,,,-1
16:09:30,,,-59,,,-1
16:09:35,,,-175,,,-1
16:09:40,,,-23,,,-1
16:09:45,,,-132,,,-1
16:09:50,,,-30,,,-1
16:09:55,,,-157,,,-1
16:10:00,,,-51,,,-1
16:10:05,,,-104,,,-1
16:10:10,,,-172,,,-1
16:10:15,,,-81,,,-1
16:10:20,,,-158,,,-1
16:10:25,,,-117,,,-1
16:10:30,,,131,,,-1
16:10:35,,,-167,,,-1
16:10:40,,,-120,,,-1
16:10:45,,,-59,,,-1
16:10:50,,,78,,,-1
16:10:55,,,-139,,,-1
16:11:00,,,-142,,,-1
16:11:05,,,-51,,,-1
16:11:10,,,-48,,,-1
16:11:15,,,-128,,,-1
16:11:20,,,-135,,,-1
16:11:25,,,123,,,-1
16:11:30,,,-6,,,-1
16:11:35,,,-5,,,-1
16:11:40,,,23,,,-1
16:11:45,,,-60,,,-1
16:11:50,,,-78,,,-1
16:11:55,,,-41,,,-1
16:12:00,,,27,,,-1
16:12:05,,,-150,,,-1
16:12:10,,,134,,,-1
16:12:15,,,-100,,,-1
16:12:20,,,-56,,,-1
16:12:25,,,113,,,-1
16:12:30,,,-73,,,-1
16:12:35,,,118,,,-1
16:12:40,,,-33,,,-1
16:12:45,,,32,,,-1
16:12:50,,,155,,,-1
16:12:55,,,133,,,-1
16:13:00,,,150,,,-1
16:13:05,,,43,,,-1
16:13:10,,,-68,,,-1
16:13:15,,,54,,,-1
16:13:20,,,-15,,,-1
16:13:25,,,-147,,,-1
16:13:30,,,-43,,,-1
16:13:35,,,157,,,-1
16:13:40,,,123,,,-1
16:13:45,,,35,,,-1
16:13:50,,,55,,,-1
16:13:55,,,29,,,-1
16:14:00,,,121,,,-1
16:14:05,,,121,,,-1
16:14:10,,,-70,,,-1
16:14:15,,,-115,,,-1
16:14:20,,,-77,,,-1
16:14:25,,,57,,,-1
16:14:30,,,104,,,-1
16:14:35,,,168,,,-1
16:14:40,,,96,,,-1
16:14:45,,,-180,,,-1
16:14:50,,,118,,,-1
16:14:55,,,107,,,-1
16:15:00,,,-29,,,-1
16:15:05,,,-149,,,-1
16:15:10,,,91,,,-1
16:15:15,,,89,,,-1
16:15:20,,,-8,,,-1
16:15:25,,,-42,,,-1
16:15:30,,,-31,,,-1
16:15:35,,,-96,,,-1
16:15:40,,,51,,,-1
16:15:45,,,-78,,,-1
16:15:50,,,-44,,,-1
16:15:55,,,49,,,-1
16:16:00,,,-103,,,-1
16:16:05,,,-28,,,-1
16:16:10,,,-52,,,-1
16:16:15,,,-87,,,-1
16:16:20,,,33,,,-1
16:16:25,,,157,,,-1
16:16:30,,,-95,,,-1
16:16:35,,,72,,,-1
16:16:40,,,-71,,,-1
16:16:45,,,136,,,-1
16:16:50,,,76,,,-1
16:16:55,,,71,,,-1
16:17:00,,,-170,,,-1
16:17:05,,,-53,,,-1
16:17:10,,,103,,,-1
16:17:15,,,-6,,,-1
16:17:20,,,-171,,,-1
16:17:25,,,-82,,,-1
16:17:30,,,-118,,,-1
16:17:35,,,89,,,-1
16:17:40,,,107,,,-1
16:17:45,,,-22,,,-1
16:17:50,,,-76,,,-1
16:17:55,,,-32,,,-1
16:18:00,,,163,,,-1
16:18:05,,,82,,,-1
16:18:10,,,32,,,-1
16:18:15,,,46,,,-1
16:18:20,,,-78,,,-1
16:18:25,,,168,,,-1
16:18:30,,,71,,,-1
16:18:35,,,29,,,-1
16:18:40,,,48,,,-1
16:18:45,,,32,,,-1
16:18:50,,,-121,,,-1
16:18:55,,,65,,,-1
16:19:00,,,-27,,,-1
16:19:05,,,12,,,-1
16:19:10,,,125,,,-1
16:19:15,,,-87,,,-1
16:19:20,,,-174,,,-1
16:19:25,,,60,,,-1
16:19:30,,,-31,,,-1
16:19:35,,,169,,,-1
16:19:40,,,27,,,-1
16:19:45,,,132,,,-1
16:19:50,,,-112,,,-1
16:19:55,,,-88,,,-1
16:20:00,,,162,,,-1
16:20:05,,,37,,,-1
16:20:10,,,-77,,,-1
16:20:15,,,-173,,,-1
16:20:20,,,146,,,-1
16:20:25,,,110,,,-1
16:20:30,,,-165,,,-1
16:20:35,,,180,,,-1
16:20:40,,,-84,,,-1
16:20:45,,,-38,,,-1
16:20:50,,,-26,,,-1
16:20:55,,,108,,,-1
16:21:00,,,123,,,-1
16:21:05,,,118,,,-1
16:21:10,,,-147,,,-1
16:21:15,,,173,,,-1
16:21:20,,,-28,,,-1
16:21:25,,,73,,,-1
16:21:30,,,-157,,,-1
16:21:35,,,24,,,-1
16:21:40,,,110,,,-1
16:21:45,,,-178,,,-1
16:21:50,,,41,,,-1
16:21:55,,,-23,,,-1
16:22:00,,,162,,,-1
16:22:05,,,40,,,-1
16:22:10,,,-106,,,-1
16:22:15,,,34,,,-1
16:22:20,,,-73,,,-1
16:22:25,,,-102,,,-1
16:22:30,,,150,,,-1
16:22:35,,,-98,,,-1
16:22:40,,,156,,,-1
16:22:45,,,59,,,-1
16:22:50,,,81,,,-1
16:22:55,,,112,,,-1
16:23:00,,,-54,,,-1
16:23:05,,,59,,,-1
16:23:10,,,7,,,-1
16:23:15,,,108,,,-1
16:23:20,,,-135,,,-1
16:23:25,,,-136,,,-1
16:23:30,,,-130,,,-1
16:23:35,,,67,,,-1
16:23:40,,,-33,,,-1
16:23:45,,,-6,,,-1
16:23:50,,,-148,,,-1
16:23:55,,,-156,,,-1
16:24:00,,,-68,,,-1
16:24:05,,,-130,,,-1
16:24:10,,,177,,,-1
16:24:15,,,-50,,,-1
16:24:20,,,141,,,-1
16:24:25,,,155,,,-1
16:24:30,,,104,,,-1
16:24:35,,,126,,,-1
16:24:40,,,-27,,,-1
16:24:45,,,-20,,,-1
16:24:50,,,134,,,-1
16:24:55,,,-147,,,-1
16:25:00,,,73,,,-1
16:25:05,,,-55,,,-1
16:25:10,,,-115,,,-1
16:25:15,,,127,,,-1
16:25:20,,,-91,,,-1
16:25:25,,,0,,,-1
16:25:30,,,-93,,,-1
16:25:35,,,89,,,-1
16:25:40,,,-47,,,-1
16:25:45,,,43,,,-1
16:25:50,,,-121,,,-1
16:25:55,,,121,,,-1
16:26:00,,,-13,,,-1
16:26:05,,,175,,,-1
16:26:10,,,-127,,,-1
16:26:15,,,-133,,,-1
16:26:20,,,-168,,,-1
16:26:25,,,20,,,-1
16:26:30,,,171,,,-1
16:26:35,,,148,,,-1
16:26:40,,,70,,,-1
16:26:45,,,162,,,-1
16:26:50,,,73,,,-1
16:26:55,,,-141,,,-1
16:27:00,,,-28,,,-1
16:27:05,,,113,,,-1
16:27:10,,,111,,,-1
16:27:15,,,-34,,,-1
16:27:20,,,-167,,,-1
16:27:25,,,-109,,,-1
16:27:30,,,62,,,-1
16:27:35,,,115,,,-1
16:27:40,,,44,,,-1
16:27:45,,,-158,,,-1
16:27:50,,,-102,,,-1
16:27:55,,,-165,,,-1
16:28:00,,,102,,,-1
16:28:05,,,86,,,-1
16:28:10,,,58,,,-1
16:28:15,,,52,,,-1
16:28:20,,,125,,,-1
16:28:25,,,-60,,,-1
16:28:30,,,149,,,-1
16:28:35,,,-108,,,-1
16:28:40,,,-165,,,-1
16:28:45,,,81,,,-1
16:28:50,,,100,,,-1
16:28:55,,,-138,,,-1
16:29:00,,,56,,,-1
16:29:05,,,118,,,676
16:29:10,,,64,,,630
16:29:15,,,64,,,165
16:29:20,,,142,,,445
16:29:25,,,131,,,407
16:29:30,,,-151,,,84
16:29:35,,,175,,,330
16:29:40,,,78,,,109
16:29:45,,,-67,,,894
16:29:50,,,24,,,713
16:29:55,,,-110,,,769
16:30:00,,,-174,,,631
16:30:05,,,-94,,,472
16:30:10,,,-24,,,949
16:30:15,,,-24,,,801
16:30:20,,,-33,,,552
16:30:25,,,-120,,,830
16:30:30,,,115,,,837
16:30:35,,,-2,,,167
16:30:40,,,-24,,,657
16:30:45,,,-41,,,913
16:30:50,,,162,,,381
16:30:55,,,-131,,,549
16:31:00,,,29,,,171
16:31:05,,,-21,,,767
16:31:10,,,-25,,,339
16:31:15,,,155,,,419
16:31:20,,,-34,,,703
16:31:25,,,100,,,518
16:31:30,,,-158,,,29
16:31:35,,,36,,,317
16:31:40,,,-138,,,225
16:31:45,,,-101,,,592
16:31:50,,,77,,,283
16:31:55,,,127,,,229
16:32:00,,,61,,,596
16:32:05,,,97,,,584
16:32:10,,,86,,,59
16:32:15,,,25,,,190
16:32:20,,,11,,,794
16:32:25,,,-24,,,644
16:32:30,,,151,,,281
16:32:35,,,-128,,,222
16:32:40,,,133,,,683
16:32:45,,,-142,,,9
16:32:50,,,69,,,637
16:32:55,,,-98,,,224
16:33:00,,,75,,,979
16:33:05,,,102,,,354
16:33:10,,,-179,,,357
16:33:15,,,102,,,155
16:33:20,,,28,,,892
16:33:25,,,-102,,,1000
16:33:30,,,-42,,,833
16:33:35,,,-91,,,324
16:33:40,,,166,,,620
16:33:45,,,33,,,578
16:33:50,,,80,,,832
16:33:55,,,-104,,,15
16:34:00,,,130,,,892
16:34:05,,,-138,,,471
16:34:10,,,-37,,,356
16:34:15,,,-38,,,645
16:34:20,,,-1,,,555
16:34:25,,,78,,,966
16:34:30,,,-178,,,134
16:34:35,,,-4,,,174
16:34:40,,,-60,,,250
16:34:45,,,-103,,,717
16:34:50,,,105,,,902
16:34:55,,,129,,,14
16:35:00,,,122,,,365
16:35:05,,,-89,,,956
16:35:10,,,166,,,469
16:35:15,,,165,,,680
16:35:20,,,165,,,136
16:35:25,,,148,,,348
16:35:30,,,-116,,,828
16:35:35,,,-122,,,434
16:35:40,,,-25,,,910
16:35:45,,,-70,,,558
16:35:50,,,53,,,961
16:35:55,,,127,,,33
16:36:00,,,79,,,627
16:36:05,,,38,,,431
16:36:10,,,-91,,,931
16:36:15,,,-96,,,499
16:36:20,,,-150,,,21
16:36:25,,,125,,,577
16:36:30,,,170,,,343
16:36:35,,,105,,,385
16:36:40,,,170,,,411
16:36:45,,,173,,,638
16:36:50,,,-100,,,393
16:36:55,,,-137,,,310
16:37:00,,,-38,,,477
16:37:05,,,175,,,699
16:37:10,,,114,,,809
16:37:15,,,-165,,,987
16:37:20,,,179,,,837
16:37:25,,,-64,,,659
16:37:30,,,-135,,,846
16:37:35,,,-110,,,758
16:37:40,,,179,,,49
16:37:45,,,-129,,,399
16:37:50,,,-173,,,492
16:37:55,,,-6,,,574
16:38:00,,,62,,,922
16:38:05,,,47,,,118
16:38:10,,,-26,,,969
16:38:15,,,-41,,,513
16:38:20,,,-50,,,98
16:38:25,,,135,,,479
16:38:30,,,101,,,725
16:38:35,,,105,,,329
16:38:40,,,-172,,,303
16:38:45,,,153,,,248
16:38:50,,,-35,,,501
16:38:55,,,134,,,78
16:39:00,,,-155,,,524
16:39:05,,,-144,,,797
16:39:10,,,-72,,,90
16:39:15,,,-50,,,727
16:39:20,,,45,,,698
16:39:25,,,-103,,,829
16:39:30,,,-160,,,454
16:39:35,,,14,,,710
16:39:40,,,157,,,802
16:39:45,,,-21,,,708
16:39:50,,,16,,,35
16:39:55,,,-46,,,381
16:40:00,,,56,,,516
16:40:05,,,37,,,91
16:40:10,,,-85,,,567
16:40:15,,,166,,,690
16:40:20,,,-51,,,65
16:40:25,,,-29,,,694
16:40:30,,,36,,,976
16:40:35,,,117,,,664
16:40:40,,,-140,,,428
16:40:45,,,-99,,,433
16:40:50,,,134,,,221
16:40:55,,,103,,,283
16:41:00,,,-141,,,748
16:41:05,,,70,,,193
16:41:10,,,101,,,269
16:41:15,,,175,,,776
16:41:20,,,-123,,,38
16:41:25,,,81,,,419
16:41:30,,,73,,,659
16:41:35,,,-17,,,890
16:41:40,,,18,,,683
16:41:45,,,-176,,,136
16:41:50,,,-95,,,634
16:41:55,,,-89,,,428
16:42:00,,,90,,,990
16:42:05,,,-116,,,891
16:42:10,,,-170,,,167
16:42:15,,,-35,,,978
16:42:20,,,178,,,95
16:42:25,,,-131,,,544
16:42:30,,,64,,,166
16:42:35,,,-64,,,985
16:42:40,,,36,,,887
16:42:45,,,-111,,,257
16:42:50,,,102,,,279
16:42:55,,,-20,,,649
16:43:00,,,-159,,,930
16:43:05,,,-55,,,197
16:43:10,,,118,,,993
16:43:15,,,10,,,59
16:43:20,,,-134,,,718
16:43:25,,,17,,,168
16:43:30,,,-6,,,54
16:43:35,,,-129,,,679
16:43:40,,,-159,,,667
16:43:45,,,-150,,,818
16:43:50,,,41,,,176
16:43:55,,,-169,,,384
16:44:00,,,84,,,644
16:44:05,,,-68,,,258
16:44:10,,,-81,,,634
16:44:15,,,29,,,556
16:44:20,,,-59,,,817
16:44:25,,,-169,,,976
16:44:30,,,112,,,679
16:44:35,,,150,,,652
16:44:40,,,130,,,21
16:44:45,,,-69,,,449
16:44:50,,,40,,,750
16:44:55,,,-12,,,164
16:45:00,,,-6,,,155
16:45:05,,,180,,,167
16:45:10,,,43,,,938
16:45:15,,,107,,,210
16:45:20,,,-123,,,629
16:45:25,,,73,,,452
16:45:30,,,-103,,,3
16:45:35,,,-12,,,557
16:45:40,,,126,,,819
16:45:45,,,39,,,557
16:45:50,,,-11,,,456
16:45:55,,,-161,,,847
16:46:00,,,-31,,,192
16:46:05,,,115,,,837
16:46:10,,,103,,,126
16:46:15,,,114,,,568
16:46:20,,,-53,,,682
16:46:25,,,109,,,221
16:46:30,,,-4,,,327
16:46:35,,,-10,,,832
16:46:40,,,-124,,,592
16:46:45,,,97,,,104
16:46:50,,,17,,,453
16:46:55,,,118,,,697
16:47:00,,,115,,,438
16:47:05,,,81,,,957
16:47:10,,,92,,,449
16:47:15,,,119,,,637
16:47:20,,,43,,,281
16:47:25,,,6,,,484
16:47:30,,,131,,,338
16:47:35,,,143,,,32
16:47:40,,,-91,,,869
16:47:45,,,-1,,,267
16:47:50,,,119,,,451
16:47:55,,,-174,,,52
16:48:00,,,-129,,,766
16:48:05,,,-8,,,955
16:48:10,,,87,,,581
16:48:15,,,-66,,,376
16:48:20,,,89,,,88
16:48:25,,,-20,,,586
16:48:30,,,-167,,,367
16:48:35,,,-93,,,812
16:48:40,,,-152,,,623
16:48:45,,,123,,,837
16:48:50,,,57,,,923
16:48:55,,,-26,,,331
16:49:00,,,-71,,,470
16:49:05,,,-126,,,212
16:49:10,,,167,,,666
16:49:15,,,75,,,961
16:49:20,,,-26,,,317
16:49:25,,,96,,,823
16:49:30,,,-74,,,772
16:49:35,,,-173,,,669
16:49:40,,,-72,,,338
16:49:45,,,129,,,772
16:49:50,,,-138,,,512
16:49:55,,,104,,,416
16:50:00,,,2,,,505
16:50:05,,,-103,,,610
16:50:10,,,-19,,,390
16:50:15,,,103,,,887
16:50:20,,,-120,,,549
16:50:25,,,58,,,919
16:50:30,,,-111,,,753
16:50:35,,,113,,,612
16:50:40,,,-129,,,317
16:50:45,,,-143,,,499
16:50:50,,,118,,,666
16:50:55,,,-155,,,999
16:51:00,,,-10,,,198
16:51:05,,,-117,,,54
16:51:10,,,123,,,852
16:51:15,,,-30,,,551
16:51:20,,,133,,,17
16:51:25,,,-4,,,607
16:51:30,,,-35,,,822
16:51:35,,,2,,,177
16:51:40,,,-134,,,371
16:51:45,,,169,,,956
16:51:50,,,-25,,,840
16:51:55,,,-126,,,854
16:52:00,,,43,,,786
16:52:05,,,-1,,,819
16:52:10,,,-169,,,951
16:52:15,,,7,,,496
16:52:20,,,163,,,296
16:52:25,,,60,,,716
16:52:30,,,-153,,,447
16:52:35,,,63,,,28
16:52:40,,,-128,,,724
16:52:45,,,139,,,202
16:52:50,,,91,,,697
16:52:55,,,112,,,348
16:53:00,,,30,,,543
16:53:05,,,-34,,,523
16:53:10,,,-141,,,513
16:53:15,,,-105,,,551
16:53:20,,,6,,,926
16:53:25,,,28,,,506
16:53:30,,,-159,,,404
16:53:35,,,-36,,,865
16:53:40,,,67,,,221
16:53:45,,,-111,,,950
16:53:50,,,104,,,951
16:53:55,,,-133,,,887
16:54:00,,,139,,,-1
16:54:05,,,-92,,,-1
16:54:10,,,-69,,,-1
16:54:15,,,13,,,-1
16:54:20,,,99,,,-1
16:54:25,,,80,,,-1
16:54:30,,,28,,,-1
16:54:35,,,-140,,,-1
16:54:40,,,146,,,-1
16:54:45,,,134,,,-1
16:54:50,,,102,,,-1
16:54:55,,,42,,,-1
16:55:00,,,-143,,,-1
16:55:05,,,-108,,,-1
16:55:10,,,154,,,-1
16:55:15,,,-158,,,-1
16:55:20,,,-145,,,-1
16:55:25,,,175,,,-1
16:55:30,,,-32,,,-1
16:55:35,,,104,,,-1
16:55:40,,,-121,,,-1
16:55:45,,,131,,,-1
16:55:50,,,-167,,,-1
16:55:55,,,-147,,,-1
16:56:00,,,-169,,,-1
16:56:05,,,-166,,,-1
16:56:10,,,-150,,,-1
16:56:15,,,2,,,-1
16:56:20,,,-167,,,-1
16:56:25,,,-66,,,-1
16:56:30,,,-123,,,-1
16:56:35,,,60,,,-1
16:56:40,,,64,,,-1
16:56:45,,,-167,,,-1
16:56:50,,,38,,,-1
16:56:55,,,-161,,,-1
16:57:00,,,-91,,,-1
16:57:05,,,124,,,-1
16:57:10,,,-177,,,-1
16:57:15,,,-127,,,-1
16:57:20,,,168,,,-1
16:57:25,,,-113,,,-1
16:57:30,,,26,,,-1
16:57:35,,,-139,,,-1
16:57:40,,,-107,,,-1
16:57:45,,,72,,,-1
16:57:50,,,-52,,,-1
16:57:55,,,122,,,-1
16:58:00,,,113,,,-1
16:58:05,,,13,,,-1
16:58:10,,,145,,,-1
16:58:15,,,41,,,-1
16:58:20,,,175,,,-1
16:58:25,,,44,,,-1
16:58:30,,,98,,,-1
16:58:35,,,-164,,,-1
16:58:40,,,119,,,-1
16:58:45,,,-131,,,-1
16:58:50,,,-170,,,-1
16:58:55,,,136,,,-1
16:59:00,,,-100,,,-1
16:59:05,,,-57,,,-1
16:59:10,,,-147,,,-1
16:59:15,,,-154,,,-1
16:59:20,,,-133,,,-1
16:59:25,,,-25,,,-1
16:59:30,,,-171,,,-1
16:59:35,,,-20,,,-1
16:59:40,,,115,,,-1
16:59:45,,,86,,,-1
16:59:50,,,-125,,,-1
16:59:55,,,79,,,-1
17:00:00,,,-90,,,-1
17:00:05,,,35,,,-1
17:00:10,,,-58,,,-1
17:00:15,,,-18,,,-1
17:00:20,,,-125,,,-1
17:00:25,,,178,,,-1
17:00:30,,,150,,,-1
17:00:35,,,-21,,,-1
17:00:40,,,157,,,-1
17:00:45,,,-59,,,-1
17:00:50,,,-112,,,-1
17:00:55,,,-158,,,-1
17:01:00,,,-24,,,-1
17:01:05,,,-42,,,-1
17:01:10,,,-85,,,-1
17:01:15,,,133,,,-1
17:01:20,,,-102,,,-1
17:01:25,,,-74,,,-1
17:01:30,,,-128,,,-1
17:01:35,,,-119,,,-1
17:01:40,,,143,,,-1
17:01:45,,,26,,,-1
17:01:50,,,18,,,-1
17:01:55,,,-167,,,-1
17:02:00,,,-175,,,-1
17:02:05,,,-130,,,-1
17:02:10,,,-180,,,-1
17:02:15,,,-28,,,-1
17:02:20,,,104,,,-1
17:02:25,,,-5,,,-1
17:02:30,,,-103,,,-1
17:02:35,,,-94,,,-1
17:02:40,,,10,,,-1
17:02:45,,,-79,,,-1
17:02:50,,,-114,,,-1
17:02:55,,,167,,,-1
17:03:00,,,117,,,-1
17:03:05,,,4,,,-1
17:03:10,,,25,,,-1
17:03:15,,,-48,,,-1
17:03:20,,,-109,,,-1
17:03:25,,,-140,,,-1
17:03:30,,,-54,,,-1
17:03:35,,,-125,,,-1
17:03:40,,,124,,,-1
17:03:45,,,88,,,-1
17:03:50,,,-24,,,-1
17:03:55,,,-174,,,-1
17:04:00,,,119,,,-1
17:04:05,,,156,,,-1
17:04:10,,,75,,,-1
17:04:15,,,116,,,-1
17:04:20,,,155,,,-1
17:04:25,,,159,,,-1
17:04:30,,,46,,,-1
17:04:35,,,20,,,-1
17:04:40,,,-16,,,-1
17:04:45,,,86,,,-1
17:04:50,,,159,,,-1
17:04:55,,,-73,,,-1
17:05:00,,,-170,,,-1
17:05:05,,,49,,,-1
17:05:10,,,-122,,,-1
17:05:15,,,-34,,,-1
17:05:20,,,36,,,-1
17:05:25,,,62,,,-1
17:05:30,,,-150,,,-1
17:05:35,,,-22,,,-1
17:05:40,,,-109,,,-1
17:05:45,,,31,,,-1
17:05:50,,,-106,,,-1
17:05:55,,,175,,,-1
17:06:00,,,-72,,,-1
17:06:05,,,53,,,-1
17:06:10,,,-42,,,-1
17:06:15,,,-49,,,-1
17:06:20,,,68,,,-1
17:06:25,,,-70,,,-1
17:06:30,,,-71,,,-1
17:06:35,,,-61,,,-1
17:06:40,,,-75,,,-1
17:06:45,,,73,,,-1
17:06:50,,,135,,,-1
17:06:55,,,-19,,,-1
17:07:00,,,15,,,-1
17:07:05,,,-162,,,-1
17:07:10,,,22,,,-1
17:07:15,,,29,,,-1
17:07:20,,,-155,,,-1
17:07:25,,,-163,,,-1
17:07:30,,,20,,,-1
17:07:35,,,-80,,,-1
17:07:40,,,-106,,,-1
17:07:45,,,104,,,-1
17:07:50,,,84,,,-1
17:07:55,,,-89,,,-1
17:08:00,,,73,,,-1
17:08:05,,,-43,,,-1
17:08:10,,,127,,,-1
17:08:15,,,-153,,,-1
17:08:20,,,-68,,,-1
17:08:25,,,-112,,,-1
17:08:30,,,-154,,,-1
17:08:35,,,33,,,-1
17:08:40,,,-166,,,-1
17:08:45,,,-171,,,-1
17:08:50,,,20,,,-1
17:08:55,,,-129,,,-1
17:09:00,,,124,,,-1
17:09:05,,,-33,,,-1
17:09:10,,,-16,,,-1
17:09:15,,,122,,,-1
17:09:20,,,-1,,,-1
17:09:25,,,50,,,-1
17:09:30,,,84,,,-1
17:09:35,,,26,,,-1
17:09:40,,,-86,,,-1
17:09:45,,,24,,,-1
17:09:50,,,-96,,,-1
17:09:55,,,167,,,-1
17:10:00,,,-33,,,-1
17:10:05,,,-22,,,-1
17:10:10,,,-113,,,-1
17:10:15,,,132,,,-1
17:10:20,,,-53,,,-1
17:10:25,,,-103,,,-1
17:10:30,,,68,,,-1
17:10:35,,,-111,,,-1
17:10:40,,,56,,,-1
17:10:45,,,-87,,,-1
17:10:50,,,-16,,,-1
17:10:55,,,-12,,,-1
17:11:00,,,20,,,-1
17:11:05,,,-134,,,-1
17:11:10,,,119,,,-1
17:11:15,,,66,,,-1
17:11:20,,,148,,,-1
17:11:25,,,-94,,,-1
17:11:30,,,81,,,-1
17:11:35,,,-124,,,-1
17:11:40,,,-2,,,-1
17:11:45,,,-68,,,-1
17:11:50,,,-176,,,-1
17:11:55,,,179,,,-1
17:12:00,,,128,,,-1
17:12:05,,,-96,,,-1
17:12:10,,,70,,,-1
17:12:15,,,-30,,,-1
17:12:20,,,-94,,,-1
17:12:25,,,68,,,-1
17:12:30,,,-69,,,-1
17:12:35,,,88,,,-1
17:12:40,,,41,,,-1
17:12:45,,,-97,,,-1
17:12:50,,,-15,,,-1
17:12:55,,,-147,,,-1
17:13:00,,,-34,,,-1
17:13:05,,,120,,,-1
17:13:10,,,-17,,,-1
17:13:15,,,160,,,-1
17:13:20,,,-139,,,-1
17:13:25,,,49,,,-1
17:13:30,,,120,,,-1
17:13:35,,,170,,,-1
17:13:40,,,-22,,,-1
17:13:45,,,-130,,,-1
17:13:50,,,12,,,-1
17:13:55,,,71,,,-1
17:14:00,,,-12,,,-1
17:14:05,,,148,,,-1
17:14:10,,,177,,,-1
17:14:15,,,138,,,-1
17:14:20,,,-157,,,-1
17:14:25,,,123,,,-1
17:14:30,,,79,,,-1
17:14:35,,,-15,,,-1
17:14:40,,,80,,,-1
17:14:45,,,-147,,,-1
17:14:50,,,119,,,-1
17:14:55,,,-79,,,-1
17:15:00,,,80,,,-1
17:15:05,,,-47,,,-1
17:15:10,,,103,,,-1
17:15:15,,,-77,,,-1
17:15:20,,,-112,,,-1
17:15:25,,,152,,,-1
17:15:30,,,80,,,-1
17:15:35,,,67,,,-1
17:15:40,,,-109,,,-1
17:15:45,,,175,,,-1
17:15:50,,,150,,,-1
17:15:55,,,63,,,-1
17:16:00,,,-48,,,-1
17:16:05,,,-51,,,-1
17:16:10,,,-153,,,-1
17:16:15,,,-56,,,-1
17:16:20,,,-84,,,-1
17:16:25,,,89,,,-1
17:16:30,,,-172,,,-1
17:16:35,,,-126,,,-1
17:16:40,,,-82,,,-1
17:16:45,,,76,,,-1
17:16:50,,,120,,,-1
17:16:55,,,143,,,-1
17:17:00,,,75,,,-1
17:17:05,,,99,,,-1
17:17:10,,,-88,,,-1
17:17:15,,,66,,,-1
17:17:20,,,-55,,,-1
17:17:25,,,177,,,-1
17:17:30,,,11,,,-1
17:17:35,,,60,,,-1
17:17:40,,,-60,,,-1
17:17:45,,,-28,,,-1
17:17:50,,,147,,,-1
17:17:55,,,-42,,,-1
17:18:00,,,61,,,-1
17:18:05,,,-155,,,-1
17:18:10,,,6,,,-1
17:18:15,,,70,,,-1
17:18:20,,,-18,,,-1
17:18:25,,,-66,,,-1
17:18:30,,,-96,,,-1
17:18:35,,,-7,,,-1
17:18:40,,,-27,,,-1
17:18:45,,,37,,,-1
17:18:50,,,170,,,-1
17:18:55,,,-159,,,-1
17:19:00,,,-24,,,-1
17:19:05,,,112,,,-1
17:19:10,,,-33,,,-1
17:19:15,,,-131,,,-1
17:19:20,,,93,,,-1
17:19:25,,,135,,,-1
17:19:30,,,84,,,-1
17:19:35,,,55,,,-1
17:19:40,,,68,,,-1
17:19:45,,,-163,,,-1
17:19:50,,,125,,,-1
17:19:55,,,-141,,,-1
17:20:00,,,52,,,-1
17:20:05,,,-140,,,-1
17:20:10,,,-48,,,-1
17:20:15,,,-152,,,-1
17:20:20,,,177,,,-1
17:20:25,,,101,,,-1
17:20:30,,,-135,,,-1
17:20:35,,,111,,,-1
17:20:40,,,-98,,,-1
17:20:45,,,-29,,,-1
17:20:50,,,150,,,-1
17:20:55,,,153,,,-1
17:21:00,,,-119,,,-1
17:21:05,,,137,,,-1
17:21:10,,,-105,,,-1
17:21:15,,,38,,,-1
17:21:20,,,-34,,,-1
17:21:25,,,42,,,-1
17:21:30,,,-140,,,-1
17:21:35,,,-116,,,-1
17:21:40,,,-161,,,-1
17:21:45,,,-33,,,-1
17:21:50,,,169,,,-1
17:21:55,,,-153,,,-1
17:22:00,,,-133,,,-1
17:22:05,,,-115,,,-1
17:22:10,,,58,,,-1
17:22:15,,,42,,,-1
17:22:20,,,-167,,,-1
17:22:25,,,90,,,-1
17:22:30,,,-47,,,-1
17:22:35,,,102,,,-1
17:22:40,,,-169,,,-1
17:22:45,,,135,,,-1
17:22:50,,,121,,,-1
17:22:55,,,-8,,,-1
17:23:00,,,68,,,-1
17:23:05,,,-58,,,-1
17:23:10,,,102,,,-1
17:23:15,,,-139,,,-1
17:23:20,,,-33,,,-1
17:23:25,,,-136,,,-1
17:23:30,,,62,,,-1
17:23:35,,,-115,,,-1
17:23:40,,,-99,,,-1
17:23:45,,,-162,,,-1
17:23:50,,,142,,,-1
17:23:55,,,141,,,-1
17:24:00,,,-88,,,-1
17:24:05,,,-14,,,-1
17:24:10,,,-76,,,-1
17:24:15,,,-164,,,-1
17:24:20,,,51,,,-1
17:24:25,,,-106,,,-1
17:24:30,,,98,,,-1
17:24:35,,,156,,,-1
17:24:40,,,48,,,-1
17:24:45,,,142,,,-1
17:24:50,,,107,,,-1
17:24:55,,,-72,,,-1
17:25:00,,,122,,,-1
17:25:05,,,-126,,,-1
17:25:10,,,127,,,-1
17:25:15,,,8,,,-1
17:25:20,,,-82,,,-1
17:25:25,,,41,,,-1
17:25:30,,,31,,,-1
17:25:35,,,120,,,-1
17:25:40,,,117,,,-1
17:25:45,,,9,,,-1
17:25:50,,,172,,,-1
17:25:55,,,-32,,,-1
17:26:00,,,-48,,,-1
17:26:05,,,-72,,,-1
17:26:10,,,80,,,-1
17:26:15,,,-30,,,-1
17:26:20,,,-68,,,-1
17:26:25,,,-1,,,-1
17:26:30,,,154,,,-1
17:26:35,,,-73,,,-1
17:26:40,,,169,,,-1
17:26:45,,,157,,,-1
17:26:50,,,-89,,,-1
17:26:55,,,-62,,,-1
17:27:00,,,126,,,-1
17:27:05,,,71,,,-1
17:27:10,,,136,,,-1
17:27:15,,,155,,,-1
17:27:20,,,-158,,,-1
17:27:25,,,53,,,-1
17:27:30,,,125,,,-1
17:27:35,,,84,,,-1
17:27:40,,,-73,,,-1
17:27:45,,,-38,,,-1
17:27:50,,,-73,,,-1
17:27:55,,,134,,,-1
17:28:00,,,35,,,-1
17:28:05,,,-61,,,-1
17:28:10,,,-114,,,-1
17:28:15,,,140,,,-1
17:28:20,,,-71,,,-1
17:28:25,,,26,,,-1
17:28:30,,,-148,,,-1
17:28:35,,,-136,,,-1
17:28:40,,,114,,,-1
17:28:45,,,-31,,,-1
17:28:50,,,65,,,-1
17:28:55,,,139,,,-1
17:29:00,,,30,,,-1
17:29:05,,,120,,,-1
17:29:10,,,44,,,-1
17:29:15,,,164,,,-1
17:29:20,,,62,,,-1
17:29:25,,,98,,,-1
17:29:30,,,-51,,,-1
17:29:35,,,-106,,,-1
17:29:40,,,70,,,-1
17:29:45,,,-56,,,-1
17:29:50,,,7,,,-1
17:29:55,,,148,,,-1
17:30:00,,,-177,,,-1
17:30:05,,,-54,,,-1
17:30:10,,,-7,,,-1
17:30:15,,,19,,,-1
17:30:20,,,-2,,,-1
17:30:25,,,-15,,,-1
17:30:30,,,-109,,,-1
17:30:35,,,-60,,,-1
17:30:40,,,151,,,-1
17:30:45,,,-90,,,-1
17:30:50,,,-147,,,-1
17:30:55,,,62,,,-1
17:31:00,,,-136,,,-1
17:31:05,,,126,,,-1
17:31:10,,,-102,,,-1
17:31:15,,,-5,,,-1
17:31:20,,,-146,,,-1
17:31:25,,,114,,,-1
17:31:30,,,135,,,-1
17:31:35,,,54,,,-1
17:31:40,,,-144,,,-1
17:31:45,,,-135,,,-1
17:31:50,,,147,,,-1
17:31:55,,,-64,,,-1
17:32:00,,,33,,,-1
17:32:05,,,24,,,-1
17:32:10,,,-58,,,-1
17:32:15,,,67,,,-1
17:32:20,,,64,,,-1
17:32:25,,,-92,,,-1
17:32:30,,,0,,,-1
17:32:35,,,-32,,,-1
17:32:40,,,166,,,-1
17:32:45,,,66,,,-1
17:32:50,,,147,,,-1
17:32:55,,,-67,,,-1
17:33:00,,,-106,,,-1
17:33:05,,,73,,,-1
17:33:10,,,109,,,-1
17:33:15,,,-160,,,-1
17:33:20,,,-5,,,-1
17:33:25,,,-166,,,-1
17:33:30,,,116,,,-1
17:33:35,,,116,,,-1
17:33:40,,,-153,,,-1
17:33:45,,,124,,,-1
17:33:50,,,-86,,,-1
17:33:55,,,-33,,,-1
17:34:00,,,3,,,-1
17:34:05,,,-136,,,-1
17:34:10,,,138,,,-1
17:34:15,,,-66,,,-1
17:34:20,,,-97,,,-1
17:34:25,,,-49,,,-1
17:34:30,,,70,,,-1
17:34:35,,,-15,,,-1
17:34:40,,,20,,,-1
17:34:45,,,-40,,,-1
17:34:50,,,-142,,,-1
17:34:55,,,-31,,,-1
17:35:00,,,-80,,,-1
17:35:05,,,65,,,-1
17:35:10,,,65,,,-1
17:35:15,,,27,,,-1
17:35:20,,,153,,,-1
17:35:25,,,-133,,,-1
17:35:30,,,29,,,-1
17:35:35,,,-96,,,-1
17:35:40,,,-24,,,-1
17:35:45,,,-177,,,-1
17:35:50,,,-173,,,-1
17:35:55,,,175,,,-1
17:36:00,,,17,,,-1
17:36:05,,,-51,,,-1
17:36:10,,,-118,,,-1
17:36:15,,,-141,,,-1
17:36:20,,,146,,,-1
17:36:25,,,-107,,,-1
17:36:30,,,118,,,-1
17:36:35,,,-120,,,-1
17:36:40,,,127,,,-1
17:36:45,,,27,,,-1
17:36:50,,,4,,,-1
17:36:55,,,87,,,-1
17:37:00,,,47,,,-1
17:37:05,,,-142,,,-1
17:37:10,,,-98,,,-1
17:37:15,,,-33,,,-1
17:37:20,,,-2,,,-1
17:37:25,,,-60,,,-1
17:37:30,,,-68,,,-1
17:37:35,,,-122,,,-1
17:37:40,,,-60,,,-1
17:37:45,,,53,,,-1
17:37:50,,,-48,,,-1
17:37:55,,,-143,,,-1
17:38:00,,,-117,,,-1
17:38:05,,,-6,,,-1
17:38:10,,,-133,,,-1
17:38:15,,,-154,,,-1
17:38:20,,,-28,,,-1
17:38:25,,,-29,,,-1
17:38:30,,,-94,,,-1
17:38:35,,,47,,,-1
17:38:40,,,116,,,-1
17:38:45,,,121,,,-1
17:38:50,,,-131,,,-1
17:38:55,,,-4,,,-1
17:39:00,,,-116,,,-1
17:39:05,,,97,,,-1
17:39:10,,,156,,,-1
17:39:15,,,154,,,-1
17:39:20,,,-144,,,-1
17:39:25,,,96,,,-1
17:39:30,,,-56,,,-1
17:39:35,,,14,,,-1
17:39:40,,,-137,,,-1
17:39:45,,,97,,,-1
17:39:50,,,71,,,-1
17:39:55,,,-82,,,-1
17:40:00,,,-180,,,-1
17:40:05,,,44,,,-1
17:40:10,,,-89,,,-1
17:40:15,,,-87,,,-1
17:40:20,,,155,,,-1
17:40:25,,,79,,,-1
17:40:30,,,-67,,,-1
17:40:35,,,111,,,-1
17:40:40,,,84,,,-1
17:40:45,,,-113,,,-1
17:40:50,,,-92,,,-1
17:40:55,,,-100,,,-1
17:41:00,,,-22,,,-1
17:41:05,,,-10,,,-1
17:41:10,,,153,,,-1
17:41:15,,,91,,,-1
17:41:20,,,-124,,,-1
17:41:25,,,60,,,-1
17:41:30,,,143,,,-1
17:41:35,,,75,,,-1
17:41:40,,,55,,,-1
17:41:45,,,102,,,-1
17:41:50,,,-154,,,-1
17:41:55,,,107,,,-1
17:42:00,,,78,,,-1
17:42:05,,,-107,,,-1
17:42:10,,,127,,,-1
17:42:15,,,-141,,,-1
17:42:20,,,-162,,,-1
17:42:25,,,-90,,,-1
17:42:30,,,-13,,,-1
17:42:35,,,-135,,,-1
17:42:40,,,65,,,-1
17:42:45,,,-43,,,-1
17:42:50,,,-38,,,-1
17:42:55,,,30,,,-1
17:43:00,,,-95,,,-1
17:43:05,,,47,,,-1
17:43:10,,,-18,,,-1
17:43:15,,,115,,,-1
17:43:20,,,148,,,-1
17:43:25,,,-169,,,-1
17:43:30,,,-165,,,-1
17:43:35,,,125,,,-1
17:43:40,,,-82,,,-1
17:43:45,,,-135,,,-1
17:43:50,,,-173,,,-1
17:43:55,,,-157,,,-1
17:44:00,,,41,,,-1
17:44:05,,,-163,,,-1
17:44:10,,,141,,,-1
17:44:15,,,-39,,,-1
17:44:20,,,74,,,-1
17:44:25,,,77,,,-1
17:44:30,,,137,,,-1
17:44:35,,,-97,,,-1
17:44:40,,,-165,,,-1
17:44:45,,,61,,,-1
17:44:50,,,36,,,-1
17:44:55,,,172,,,-1
17:45:00,,,141,,,-1
17:45:05,,,-134,,,-1
17:45:10,,,108,,,-1
17:45:15,,,50,,,-1
17:45:20,,,-19,,,-1
17:45:25,,,168,,,-1
17:45:30,,,59,,,-1
17:45:35,,,-48,,,-1
17:45:40,,,4,,,-1
17:45:45,,,-55,,,-1
17:45:50,,,46,,,-1
17:45:55,,,152,,,-1
17:46:00,,,110,,,-1
17:46:05,,,88,,,-1
17:46:10,,,-68,,,-1
17:46:15,,,-170,,,-1
17:46:20,,,-21,,,-1
17:46:25,,,-157,,,-1
17:46:30,,,34,,,-1
17:46:35,,,130,,,-1
17:46:40,,,-68,,,-1
17:46:45,,,-128,,,-1
17:46:50,,,-120,,,-1
17:46:55,,,67,,,-1
17:47:00,,,-33,,,-1
17:47:05,,,-128,,,-1
17:47:10,,,-36,,,-1
17:47:15,,,-58,,,-1
17:47:20,,,70,,,-1
17:47:25,,,111,,,-1
17:47:30,,,157,,,-1
17:47:35,,,-84,,,-1
17:47:40,,,102,,,-1
17:47:45,,,110,,,-1
17:47:50,,,100,,,-1
17:47:55,,,18,,,-1
17:48:00,,,47,,,-1
17:48:05,,,55,,,-1
17:48:10,,,37,,,-1
17:48:15,,,-13,,,-1
17:48:20,,,-4,,,-1
17:48:25,,,19,,,-1
17:48:30,,,-82,,,-1
17:48:35,,,133,,,-1
17:48:40,,,-38,,,-1
17:48:45,,,-175,,,-1
17:48:50,,,81,,,-1
17:48:55,,,169,,,-1
17:49:00,,,78,,,-1
17:49:05,,,151,,,-1
17:49:10,,,-74,,,-1
17:49:15,,,56,,,-1
17:49:20,,,-135,,,-1
17:49:25,,,28,,,-1
17:49:30,,,-180,,,-1
17:49:35,,,-121,,,-1
17:49:40,,,-7,,,-1
17:49:45,,,155,,,-1
17:49:50,,,-34,,,-1
17:49:55,,,36,,,-1
17:50:00,,,-37,,,-1
17:50:05,,,127,,,-1
17:50:10,,,48,,,-1
17:50:15,,,-97,,,-1
17:50:20,,,172,,,-1
17:50:25,,,-128,,,-1
17:50:30,,,-176,,,-1
17:50:35,,,104,,,-1
17:50:40,,,41,,,-1
17:50:45,,,74,,,-1
17:50:50,,,-73,,,-1
17:50:55,,,17,,,-1
17:51:00,,,-31,,,-1
17:51:05,,,135,,,-1
17:51:10,,,-153,,,-1
17:51:15,,,-64,,,-1
17:51:20,,,-32,,,-1
17:51:25,,,-166,,,-1
17:51:30,,,-166,,,-1
17:51:35,,,-125,,,-1
17:51:40,,,159,,,-1
17:51:45,,,72,,,-1
17:51:50,,,-148,,,-1
17:51:55,,,5,,,-1
17:52:00,,,40,,,-1
17:52:05,,,71,,,-1
17:52:10,,,20,,,-1
17:52:15,,,-159,,,-1
17:52:20,,,45,,,-1
17:52:25,,,163,,,-1
17:52:30,,,146,,,-1
17:52:35,,,141,,,-1
17:52:40,,,146,,,-1
17:52:45,,,79,,,-1
17:52:50,,,-100,,,-1
17:52:55,,,-48,,,-1
17:53:00,,,165,,,-1
17:53:05,,,-31,,,-1
17:53:10,,,171,,,-1
17:53:15,,,173,,,-1
17:53:20,,,-104,,,-1
17:53:25,,,-114,,,-1
17:53:30,,,-16,,,-1
17:53:35,,,-65,,,-1
17:53:40,,,125,,,-1
17:53:45,,,15,,,-1
17:53:50,,,161,,,-1
17:53:55,,,-124,,,-1
17:54:00,,,82,,,-1
17:54:05,,,-27,,,-1
17:54:10,,,-23,,,-1
17:54:15,,,-154,,,-1
17:54:20,,,14,,,-1
17:54:25,,,-54,,,-1
17:54:30,,,-10,,,-1
17:54:35,,,67,,,-1
17:54:40,,,-61,,,-1
17:54:45,,,-119,,,-1
17:54:50,,,57,,,-1
17:54:55,,,105,,,-1
17:55:00,,,163,,,-1
17:55:05,,,-44,,,-1
17:55:10,,,142,,,-1
17:55:15,,,62,,,-1
17:55:20,,,-157,,,-1
17:55:25,,,135,,,-1
17:55:30,,,76,,,-1
17:55:35,,,67,,,-1
17:55:40,,,-104,,,-1
17:55:45,,,47,,,-1
17:55:50,,,180,,,-1
17:55:55,,,-163,,,-1
17:56:00,,,32,,,-1
17:56:05,,,0,,,-1
17:56:10,,,179,,,-1
17:56:15,,,144,,,-1
17:56:20,,,9,,,-1
17:56:25,,,104,,,-1
17:56:30,,,7,,,-1
17:56:35,,,60,,,-1
17:56:40,,,-3,,,-1
17:56:45,,,-119,,,-1
17:56:50,,,101,,,-1
17:56:55,,,5,,,-1
17:57:00,,,-95,,,-1
17:57:05,,,111,,,-1
17:57:10,,,-50,,,-1
17:57:15,,,-104,,,-1
17:57:20,,,12,,,-1
17:57:25,,,110,,,-1
17:57:30,,,-88,,,-1
17:57:35,,,48,,,-1
17:57:40,,,-96,,,-1
17:57:45,,,-102,,,-1
17:57:50,,,-169,,,-1
17:57:55,,,-56,,,-1
17:58:00,,,-63,,,-1
17:58:05,,,-106,,,-1
17:58:10,,,149,,,-1
17:58:15,,,-81,,,-1
17:58:20,,,95,,,-1
17:58:25,,,-125,,,-1
17:58:30,,,141,,,-1
17:58:35,,,143,,,-1
17:58:40,,,-163,,,-1
17:58:45,,,114,,,-1
17:58:50,,,24,,,-1
17:58:55,,,-75,,,-1
17:59:00,,,-27,,,-1
17:59:05,,,138,,,-1
17:59:10,,,76,,,-1
17:59:15,,,167,,,-1
17:59:20,,,74,,,-1
17:59:25,,,81,,,-1
17:59:30,,,59,,,-1
17:59:35,,,-53,,,-1
17:59:40,,,11,,,-1
17:59:45,,,29,,,-1
17:59:50,,,-172,,,-1
17:59:55,,,-127,,,-1
18:00:00,,,41,,,-1
18:00:05,,,88,,,-1
18:00:10,,,-63,,,-1
18:00:15,,,65,,,-1
18:00:20,,,-86,,,-1
18:00:25,,,-145,,,-1
18:00:30,,,-105,,,-1
18:00:35,,,-92,,,-1
18:00:40,,,-55,,,-1
18:00:45,,,103,,,-1
18:00:50,,,54,,,-1
18:00:55,,,-102,,,-1
18:01:00,,,91,,,-1
18:01:05,,,-36,,,-1
18:01:10,,,-179,,,-1
18:01:15,,,23,,,-1
18:01:20,,,-2,,,-1
18:01:25,,,0,,,-1
18:01:30,,,56,,,-1
18:01:35,,,33,,,-1
18:01:40,,,83,,,-1
18:01:45,,,-36,,,-1
18:01:50,,,-66,,,-1
18:01:55,,,-28,,,-1
18:02:00,,,-48,,,-1
18:02:05,,,-51,,,-1
18:02:10,,,-31,,,-1
18:02:15,,,-86,,,-1
18:02:20,,,54,,,-1
18:02:25,,,-69,,,-1
18:02:30,,,-108,,,-1
18:02:35,,,-114,,,-1
18:02:40,,,114,,,-1
18:02:45,,,-39,,,-1
18:02:50,,,12,,,-1
18:02:55,,,-63,,,-1
18:03:00,,,-24,,,-1
18:03:05,,,10,,,-1
18:03:10,,,-150,,,-1
18:03:15,,,-52,,,-1
18:03:20,,,113,,,-1
18:03:25,,,54,,,-1
18:03:30,,,31,,,-1
18:03:35,,,177,,,-1
18:03:40,,,-75,,,-1
18:03:45,,,95,,,-1
18:03:50,,,92,,,-1
18:03:55,,,-96,,,-1
18:04:00,,,-136,,,-1
18:04:05,,,105,,,-1
18:04:10,,,-40,,,-1
18:04:15,,,113,,,-1
18:04:20,,,30,,,-1
18:04:25,,,148,,,-1
18:04:30,,,-156,,,-1
18:04:35,,,35,,,-1
18:04:40,,,83,,,-1
18:04:45,,,-108,,,-1
18:04:50,,,-61,,,-1
18:04:55,,,-15,,,-1
18:05:00,,,28,,,-1
18:05:05,,,151,,,-1
18:05:10,,,88,,,-1
18:05:15,,,-63,,,-1
18:05:20,,,155,,,-1
18:05:25,,,66,,,-1
18:05:30,,,-165,,,-1
18:05:35,,,106,,,-1
18:05:40,,,152,,,-1
18:05:45,,,-56,,,-1
18:05:50,,,57,,,-1
18:05:55,,,82,,,-1
18:06:00,,,89,,,-1
18:06:05,,,-55,,,-1
18:06:10,,,9,,,-1
18:06:15,,,51,,,-1
18:06:20,,,175,,,-1
18:06:25,,,24,,,-1
18:06:30,,,165,,,-1
18:06:35,,,49,,,-1
18:06:40,,,8,,,-1
18:06:45,,,104,,,-1
18:06:50,,,-147,,,-1
18:06:55,,,134,,,-1
18:07:00,,,163,,,-1
18:07:05,,,-165,,,-1
18:07:10,,,-36,,,-1
18:07:15,,,-118,,,-1
18:07:20,,,74,,,-1
18:07:25,,,-57,,,-1
18:07:30,,,50,,,-1
18:07:35,,,158,,,-1
18:07:40,,,17,,,-1
18:07:45,,,138,,,-1
18:07:50,,,-73,,,-1
18:07:55,,,-128,,,-1
18:08:00,,,-17,,,-1
18:08:05,,,-43,,,-1
18:08:10,,,59,,,-1
18:08:15,,,-3,,,-1
18:08:20,,,92,,,-1
18:08:25,,,46,,,-1
18:08:30,,,-116,,,-1
18:08:35,,,-15,,,-1
18:08:40,,,-126,,,-1
18:08:45,,,-72,,,-1
18:08:50,,,-49,,,-1
18:08:55,,,126,,,-1
18:09:00,,,-112,,,-1
18:09:05,,,15,,,-1
18:09:10,,,43,,,-1
18:09:15,,,-111,,,-1
18:09:20,,,85,,,-1
18:09:25,,,148,,,-1
18:09:30,,,-105,,,-1
18:09:35,,,92,,,-1
18:09:40,,,177,,,-1
18:09:45,,,129,,,-1
18:09:50,,,177,,,-1
18:09:55,,,-33,,,-1
18:10:00,,,46,,,-1
18:10:05,,,41,,,-1
18:10:10,,,20,,,-1
18:10:15,,,-126,,,-1
18:10:20,,,161,,,-1
18:10:25,,,-163,,,-1
18:10:30,,,-2,,,-1
18:10:35,,,-121,,,-1
18:10:40,,,-37,,,-1
18:10:45,,,71,,,-1
18:10:50,,,-161,,,-1
18:10:55,,,-179,,,-1
18:11:00,,,141,,,-1
18:11:05,,,-112,,,-1
18:11:10,,,50,,,-1
18:11:15,,,-14,,,-1
18:11:20,,,-63,,,-1
18:11:25,,,67,,,-1
18:11:30,,,-62,,,-1
18:11:35,,,81,,,-1
18:11:40,,,-44,,,-1
18:11:45,,,16,,,-1
18:11:50,,,-30,,,-1
18:11:55,,,-52,,,-1
18:12:00,,,-57,,,-1
18:12:05,,,-138,,,-1
18:12:10,,,85,,,-1
18:12:15,,,-109,,,-1
18:12:20,,,143,,,-1
18:12:25,,,-20,,,-1
18:12:30,,,83,,,-1
18:12:35,,,50,,,-1
18:12:40,,,122,,,-1
18:12:45,,,-15,,,-1
18:12:50,,,-131,,,-1
18:12:55,,,-106,,,-1
18:13:00,,,-79,,,-1
18:13:05,,,-99,,,-1
18:13:10,,,107,,,-1
18:13:15,,,109,,,-1
18:13:20,,,-17,,,-1
18:13:25,,,47,,,-1
18:13:30,,,51,,,-1
18:13:35,,,-170,,,-1
18:13:40,,,-24,,,-1
18:13:45,,,-68,,,-1
18:13:50,,,-165,,,-1
18:13:55,,,-138,,,-1
18:14:00,,,117,,,-1
18:14:05,,,-38,,,-1
18:14:10,,,-20,,,-1
18:14:15,,,132,,,-1
18:14:20,,,21,,,-1
18:14:25,,,-170,,,-1
18:14:30,,,-24,,,-1
18:14:35,,,-102,,,-1
18:14:40,,,-103,,,-1
18:14:45,,,-94,,,-1
18:14:50,,,85,,,-1
18:14:55,,,-129,,,-1
18:15:00,,,-137,,,-1
18:15:05,,,-20,,,-1
18:15:10,,,15,,,-1
18:15:15,,,160,,,-1
18:15:20,,,125,,,-1
18:15:25,,,-39,,,-1
18:15:30,,,-173,,,-1
18:15:35,,,11,,,-1
18:15:40,,,27,,,-1
18:15:45,,,-26,,,-1
18:15:50,,,-102,,,-1
18:15:55,,,151,,,-1
18:16:00,,,19,,,-1
18:16:05,,,-154,,,-1
18:16:10,,,-80,,,-1
18:16:15,,,-117,,,-1
18:16:20,,,-163,,,-1
18:16:25,,,-173,,,-1
18:16:30,,,29,,,-1
18:16:35,,,-89,,,-1
18:16:40,,,-138,,,-1
18:16:45,,,143,,,-1
18:16:50,,,133,,,-1
18:16:55,,,-34,,,-1
18:17:00,,,-109,,,-1
18:17:05,,,-50,,,-1
18:17:10,,,91,,,-1
18:17:15,,,101,,,-1
18:17:20,,,-22,,,-1
18:17:25,,,-1,,,-1
18:17:30,,,54,,,-1
18:17:35,,,40,,,-1
18:17:40,,,11,,,-1
18:17:45,,,-175,,,-1
18:17:50,,,-24,,,-1
18:17:55,,,-151,,,-1
18:18:00,,,55,,,-1
18:18:05,,,17,,,-1
18:18:10,,,-101,,,-1
18:18:15,,,-147,,,-1
18:18:20,,,109,,,-1
18:18:25,,,73,,,-1
18:18:30,,,-12,,,-1
18:18:35,,,-176,,,-1
18:18:40,,,57,,,-1
18:18:45,,,-55,,,-1
18:18:50,,,57,,,-1
18:18:55,,,84,,,-1
18:19:00,,,7,,,-1
18:19:05,,,61,,,-1
18:19:10,,,-69,,,-1
18:19:15,,,110,,,-1
18:19:20,,,-100,,,-1
18:19:25,,,37,,,-1
18:19:30,,,-24,,,-1
18:19:35,,,-32,,,-1
18:19:40,,,-17,,,-1
18:19:45,,,125,,,-1
18:19:50,,,115,,,-1
18:19:55,,,-44,,,-1
18:20:00,,,-124,,,-1
18:20:05,,,-83,,,-1
18:20:10,,,9,,,-1
18:20:15,,,-79,,,-1
18:20:20,,,-175,,,-1
18:20:25,,,-34,,,-1
18:20:30,,,32,,,-1
18:20:35,,,54,,,-1
18:20:40,,,-99,,,-1
18:20:45,,,12,,,-1
18:20:50,,,-18,,,-1
18:20:55,,,-122,,,-1
18:21:00,,,-141,,,-1
18:21:05,,,-55,,,-1
18:21:10,,,-149,,,-1
18:21:15,,,134,,,-1
18:21:20,,,26,,,-1
18:21:25,,,-32,,,-1
18:21:30,,,20,,,-1
18:21:35,,,30,,,-1
18:21:40,,,-57,,,-1
18:21:45,,,-126,,,-1
18:21:50,,,-119,,,-1
18:21:55,,,78,,,-1
18:22:00,,,-28,,,-1
18:22:05,,,178,,,-1
18:22:10,,,66,,,-1
18:22:15,,,13,,,-1
18:22:20,,,-152,,,-1
18:22:25,,,-46,,,-1
18:22:30,,,-108,,,-1
18:22:35,,,-35,,,-1
18:22:40,,,118,,,-1
18:22:45,,,-53,,,-1
18:22:50,,,-147,,,-1
18:22:55,,,-125,,,-1
18:23:00,,,-41,,,-1
18:23:05,,,-87,,,-1
18:23:10,,,-72,,,-1
18:23:15,,,41,,,-1
18:23:20,,,-139,,,-1
18:23:25,,,80,,,-1
18:23:30,,,149,,,-1
18:23:35,,,-172,,,-1
18:23:40,,,49,,,-1
18:23:45,,,-124,,,-1
18:23:50,,,-121,,,-1
18:23:55,,,73,,,-1
18:24:00,,,-17,,,-1
18:24:05,,,-167,,,-1
18:24:10,,,5,,,-1
18:24:15,,,157,,,-1
18:24:20,,,25,,,-1
18:24:25,,,143,,,-1
18:24:30,,,-37,,,-1
18:24:35,,,101,,,-1
18:24:40,,,-152,,,-1
18:24:45,,,164,,,-1
18:24:50,,,-85,,,-1
18:24:55,,,-142,,,-1
18:25:00,,,-115,,,-1
18:25:05,,,-2,,,-1
18:25:10,,,177,,,-1
18:25:15,,,-69,,,-1
18:25:20,,,79,,,-1
18:25:25,,,85,,,-1
18:25:30,,,65,,,-1
18:25:35,,,150,,,-1
18:25:40,,,78,,,-1
18:25:45,,,160,,,-1
18:25:50,,,-157,,,-1
18:25:55,,,134,,,-1
18:26:00,,,-111,,,-1
18:26:05,,,-12,,,-1
18:26:10,,,5,,,-1
18:26:15,,,4,,,-1
18:26:20,,,-132,,,-1
18:26:25,,,-164,,,-1
18:26:30,,,11,,,-1
18:26:35,,,-130,,,-1
18:26:40,,,-176,,,-1
18:26:45,,,89,,,-1
18:26:50,,,-151,,,-1
18:26:55,,,-89,,,-1
18:27:00,,,100,,,-1
18:27:05,,,147,,,-1
18:27:10,,,128,,,-1
18:27:15,,,29,,,-1
18:27:20,,,-109,,,-1
18:27:25,,,-167,,,-1
18:27:30,,,68,,,-1
18:27:35,,,-117,,,-1
18:27:40,,,-170,,,-1
18:27:45,,,-23,,,-1
18:27:50,,,-47,,,-1
18:27:55,,,-56,,,-1
18:28:00,,,120,,,-1
18:28:05,,,24,,,-1
18:28:10,,,-77,,,-1
18:28:15,,,-110,,,-1
18:28:20,,,-173,,,-1
18:28:25,,,-47,,,-1
18:28:30,,,-96,,,-1
18:28:35,,,-28,,,-1
18:28:40,,,-11,,,-1
18:28:45,,,-148,,,-1
18:28:50,,,-77,,,-1
18:28:55,,,-83,,,-1
18:29:00,,,29,,,-1
18:29:05,,,-25,,,-1
18:29:10,,,-174,,,-1
18:29:15,,,-172,,,-1
18:29:20,,,143,,,-1
18:29:25,,,-149,,,-1
18:29:30,,,-42,,,-1
18:29:35,,,132,,,-1
18:29:40,,,-65,,,-1
18:29:45,,,-64,,,-1
18:29:50,,,138,,,-1
18:29:55,,,-60,,,-1
18:30:00,,,151,,,-1
18:30:05,,,-150,,,-1
18:30:10,,,-120,,,-1
18:30:15,,,-169,,,-1
18:30:20,,,-57,,,-1
18:30:25,,,-56,,,-1
18:30:30,,,-30,,,-1
18:30:35,,,127,,,-1
18:30:40,,,134,,,-1
18:30:45,,,-54,,,-1
18:30:50,,,131,,,-1
18:30:55,,,134,,,-1
18:31:00,,,133,,,-1
18:31:05,,,136,,,-1
18:31:10,,,103,,,-1
18:31:15,,,54,,,-1
18:31:20,,,96,,,-1
18:31:25,,,-162,,,-1
18:31:30,,,127,,,-1
18:31:35,,,38,,,-1
18:31:40,,,-48,,,-1
18:31:45,,,-178,,,-1
18:31:50,,,91,,,-1
18:31:55,,,-47,,,-1
18:32:00,,,-62,,,-1
18:32:05,,,151,,,-1
18:32:10,,,95,,,-1
18:32:15,,,166,,,-1
18:32:20,,,-153,,,-1
18:32:25,,,99,,,-1
18:32:30,,,-72,,,-1
18:32:35,,,-136,,,-1
18:32:40,,,-107,,,-1
18:32:45,,,66,,,-1
18:32:50,,,-84,,,-1
18:32:55,,,-129,,,-1
18:33:00,,,81,,,-1
18:33:05,,,-16,,,-1
18:33:10,,,34,,,-1
18:33:15,,,-162,,,-1
18:33:20,,,-31,,,-1
18:33:25,,,103,,,-1
18:33:30,,,-42,,,-1
18:33:35,,,176,,,-1
18:33:40,,,40,,,-1
18:33:45,,,-75,,,-1
18:33:50,,,46,,,-1
18:33:55,,,110,,,-1
18:34:00,,,78,,,-1
18:34:05,,,-21,,,-1
18:34:10,,,-88,,,-1
18:34:15,,,-139,,,-1
18:34:20,,,143,,,-1
18:34:25,,,-32,,,-1
18:34:30,,,152,,,-1
18:34:35,,,139,,,-1
18:34:40,,,44,,,-1
18:34:45,,,52,,,-1
18:34:50,,,35,,,-1
18:34:55,,,174,,,-1
18:35:00,,,179,,,-1
18:35:05,,,-35,,,-1
18:35:10,,,126,,,-1
18:35:15,,,66,,,-1
18:35:20,,,-33,,,-1
18:35:25,,,86,,,-1
18:35:30,,,-133,,,-1
18:35:35,,,140,,,-1
18:35:40,,,116,,,-1
18:35:45,,,-51,,,-1
18:35:50,,,-54,,,-1
18:35:55,,,170,,,-1
18:36:00,,,77,,,-1
18:36:05,,,-70,,,-1
18:36:10,,,81,,,-1
18:36:15,,,15,,,-1
18:36:20,,,-140,,,-1
18:36:25,,,-97,,,-1
18:36:30,,,-65,,,-1
18:36:35,,,101,,,-1
18:36:40,,,170,,,-1
18:36:45,,,-25,,,-1
18:36:50,,,0,,,-1
18:36:55,,,-131,,,-1
18:37:00,,,-80,,,-1
18:37:05,,,-104,,,-1
18:37:10,,,-164,,,-1
18:37:15,,,-55,,,-1
18:37:20,,,-69,,,-1
18:37:25,,,-101,,,-1
18:37:30,,,-76,,,-1
18:37:35,,,-131,,,-1
18:37:40,,,142,,,-1
18:37:45,,,-147,,,-1
18:37:50,,,92,,,-1
18:37:55,,,125,,,-1
18:38:00,,,-78,,,-1
18:38:05,,,-53,,,-1
18:38:10,,,-30,,,-1
18:38:15,,,72,,,-1
18:38:20,,,106,,,-1
18:38:25,,,-60,,,-1
18:38:30,,,-127,,,-1
18:38:35,,,9,,,-1
18:38:40,,,67,,,-1
18:38:45,,,-136,,,-1
18:38:50,,,76,,,-1
18:38:55,,,98,,,-1
18:39:00,,,115,,,-1
18:39:05,,,-71,,,-1
18:39:10,,,106,,,-1
18:39:15,,,176,,,-1
18:39:20,,,116,,,-1
18:39:25,,,-50,,,-1
18:39:30,,,-85,,,-1
18:39:35,,,-26,,,-1
18:39:40,,,12,,,-1
18:39:45,,,75,,,-1
18:39:50,,,75,,,-1
18:39:55,,,-28,,,-1
18:40:00,,,-169,,,-1
18:40:05,,,-148,,,-1
18:40:10,,,-70,,,-1
18:40:15,,,119,,,-1
18:40:20,,,-99,,,-1
18:40:25,,,-145,,,-1
18:40:30,,,-108,,,-1
18:40:35,,,2,,,-1
18:40:40,,,-175,,,-1
18:40:45,,,28,,,-1
18:40:50,,,173,,,-1
18:40:55,,,114,,,-1
18:41:00,,,78,,,-1
18:41:05,,,-89,,,-1
18:41:10,,,177,,,-1
18:41:15,,,-170,,,-1
18:41:20,,,-93,,,-1
18:41:25,,,-114,,,-1
18:41:30,,,-4,,,-1
18:41:35,,,-20,,,-1
18:41:40,,,20,,,-1
18:41:45,,,-53,,,-1
18:41:50,,,-72,,,-1
18:41:55,,,117,,,-1
18:42:00,,,110,,,-1
18:42:05,,,77,,,-1
18:42:10,,,122,,,-1
18:42:15,,,-81,,,-1
18:42:20,,,-159,,,-1
18:42:25,,,69,,,-1
18:42:30,,,52,,,-1
18:42:35,,,132,,,-1
18:42:40,,,-82,,,-1
18:42:45,,,78,,,-1
18:42:50,,,-160,,,-1
18:42:55,,,113,,,-1
18:43:00,,,59,,,-1
18:43:05,,,54,,,-1
18:43:10,,,-125,,,-1
18:43:15,,,62,,,-1
18:43:20,,,102,,,-1
18:43:25,,,135,,,-1
18:43:30,,,81,,,-1
18:43:35,,,116,,,-1
18:43:40,,,-96,,,-1
18:43:45,,,119,,,-1
18:43:50,,,31,,,-1
18:43:55,,,147,,,-1
18:44:00,,,180,,,-1
18:44:05,,,-57,,,-1
18:44:10,,,-6,,,-1
18:44:15,,,-143,,,-1
18:44:20,,,82,,,-1
18:44:25,,,-79,,,-1
18:44:30,,,178,,,-1
18:44:35,,,-30,,,-1
18:44:40,,,160,,,-1
18:44:45,,,139,,,-1
18:44:50,,,65,,,-1
18:44:55,,,-174,,,-1
18:45:00,,,-174,,,-1
18:45:05,,,122,,,-1
18:45:10,,,-93,,,-1
18:45:15,,,-161,,,-1
18:45:20,,,143,,,-1
18:45:25,,,44,,,-1
18:45:30,,,-40,,,-1
18:45:35,,,68,,,-1
18:45:40,,,-18,,,-1
18:45:45,,,91,,,-1
18:45:50,,,-58,,,-1
18:45:55,,,9,,,-1
18:46:00,,,-116,,,-1
18:46:05,,,-95,,,-1
18:46:10,,,27,,,-1
18:46:15,,,-55,,,-1
18:46:20,,,60,,,-1
18:46:25,,,100,,,-1
18:46:30,,,-89,,,-1
18:46:35,,,-29,,,-1
18:46:40,,,34,,,-1
18:46:45,,,127,,,-1
18:46:50,,,-167,,,-1
18:46:55,,,167,,,-1
18:47:00,,,-3,,,-1
18:47:05,,,-146,,,-1
18:47:10,,,-56,,,-1
18:47:15,,,145,,,-1
18:47:20,,,151,,,-1
18:47:25,,,-138,,,-1
18:47:30,,,-76,,,-1
18:47:35,,,-100,,,-1
18:47:40,,,139,,,-1
18:47:45,,,89,,,-1
18:47:50,,,-115,,,-1
18:47:55,,,43,,,-1
18:48:00,,,142,,,-1
18:48:05,,,1,,,-1
18:48:10,,,-165,,,-1
18:48:15,,,-148,,,-1
18:48:20,,,-37,,,-1
18:48:25,,,14,,,-1
18:48:30,,,-73,,,-1
18:48:35,,,-104,,,-1
18:48:40,,,-172,,,-1
18:48:45,,,35,,,-1
18:48:50,,,67,,,-1
18:48:55,,,-21,,,-1
18:49:00,,,132,,,-1
18:49:05,,,111,,,-1
18:49:10,,,147,,,-1
18:49:15,,,-39,,,-1
18:49:20,,,29,,,-1
18:49:25,,,100,,,-1
18:49:30,,,102,,,-1
18:49:35,,,-29,,,-1
18:49:40,,,-4,,,-1
18:49:45,,,23,,,-1
18:49:50,,,-89,,,-1
18:49:55,,,-37,,,-1
18:50:00,,,-5,,,-1
18:50:05,,,4,,,-1
18:50:10,,,103,,,-1
18:50:15,,,-147,,,-1
18:50:20,,,19,,,-1
18:50:25,,,-73,,,-1
18:50:30,,,122,,,-1
18:50:35,,,-53,,,-1
18:50:40,,,-14,,,-1
18:50:45,,,85,,,-1
18:50:50,,,152,,,-1
18:50:55,,,113,,,-1
18:51:00,,,103,,,-1
18:51:05,,,19,,,-1
18:51:10,,,13,,,-1
18:51:15,,,113,,,-1
18:51:20,,,-167,,,-1
18:51:25,,,-172,,,-1
18:51:30,,,-52,,,-1
18:51:35,,,32,,,-1
18:51:40,,,61,,,-1
18:51:45,,,-21,,,-1
18:51:50,,,-83,,,-1
18:51:55,,,172,,,-1
18:52:00,,,99,,,-1
18:52:05,,,10,,,-1
18:52:10,,,-11,,,-1
18:52:15,,,-180,,,-1
18:52:20,,,-26,,,-1
18:52:25,,,-9,,,-1
18:52:30,,,158,,,-1
18:52:35,,,0,,,-1
18:52:40,,,164,,,-1
18:52:45,,,-97,,,-1
18:52:50,,,-73,,,-1
18:52:55,,,-30,,,-1
18:53:00,,,167,,,-1
18:53:05,,,47,,,-1
18:53:10,,,6,,,-1
18:53:15,,,40,,,-1
18:53:20,,,-128,,,-1
18:53:25,,,-73,,,-1
18:53:30,,,-169,,,-1
18:53:35,,,-30,,,-1
18:53:40,,,17,,,-1
18:53:45,,,-103,,,-1
18:53:50,,,-129,,,-1
18:53:55,,,28,,,-1
18:54:00,,,-28,,,-1
18:54:05,,,35,,,-1
18:54:10,,,-91,,,-1
18:54:15,,,36,,,-1
18:54:20,,,45,,,-1
18:54:25,,,-68,,,-1
18:54:30,,,-176,,,-1
18:54:35,,,-163,,,-1
18:54:40,,,164,,,-1
18:54:45,,,76,,,-1
18:54:50,,,12,,,-1
18:54:55,,,56,,,-1
18:55:00,,,21,,,-1
18:55:05,,,-136,,,-1
18:55:10,,,141,,,-1
18:55:15,,,175,,,-1
18:55:20,,,167,,,-1
18:55:25,,,-96,,,-1
18:55:30,,,-16,,,-1
18:55:35,,,41,,,-1
18:55:40,,,-165,,,-1
18:55:45,,,-164,,,-1
18:55:50,,,-178,,,-1
18:55:55,,,-29,,,-1
18:56:00,,,22,,,-1
18:56:05,,,-86,,,-1
18:56:10,,,-37,,,-1
18:56:15,,,-96,,,-1
18:56:20,,,105,,,-1
18:56:25,,,171,,,-1
18:56:30,,,56,,,-1
18:56:35,,,20,,,-1
18:56:40,,,-118,,,-1
18:56:45,,,-94,,,-1
18:56:50,,,-67,,,-1
18:56:55,,,-97,,,-1
18:57:00,,,-3,,,-1
18:57:05,,,147,,,-1
18:57:10,,,144,,,-1
18:57:15,,,-7,,,-1
18:57:20,,,32,,,-1
18:57:25,,,-61,,,-1
18:57:30,,,107,,,-1
18:57:35,,,113,,,-1
18:57:40,,,-153,,,-1
18:57:45,,,-9,,,-1
18:57:50,,,1,,,-1
18:57:55,,,159,,,-1
18:58:00,,,139,,,-1
18:58:05,,,-79,,,-1
18:58:10,,,63,,,-1
18:58:15,,,-128,,,-1
18:58:20,,,-159,,,-1
18:58:25,,,-51,,,-1
18:58:30,,,-1,,,-1
18:58:35,,,8,,,-1
18:58:40,,,-20,,,-1
18:58:45,,,72,,,-1
18:58:50,,,-71,,,-1
18:58:55,,,58,,,-1
18:59:00,,,-108,,,-1
18:59:05,,,-165,,,-1
18:59:10,,,-112,,,-1
18:59:15,,,-178,,,-1
18:59:20,,,-145,,,-1
18:59:25,,,-4,,,-1
18:59:30,,,47,,,-1
18:59:35,,,-2,,,-1
18:59:40,,,-68,,,-1
18:59:45,,,-108,,,-1
18:59:50,,,-113,,,-1
18:59:55,,,150,,,-1
19:00:00,,,117,,,-1
19:00:05,,,-125,,,-1
19:00:10,,,15,,,-1
19:00:15,,,-84,,,-1
19:00:20,,,-14,,,-1
19:00:25,,,40,,,-1
19:00:30,,,-160,,,-1
19:00:35,,,179,,,-1
19:00:40,,,117,,,-1
19:00:45,,,-114,,,-1
19:00:50,,,-132,,,-1
19:00:55,,,38,,,-1
19:01:00,,,-94,,,-1
19:01:05,,,-123,,,-1
19:01:10,,,104,,,-1
19:01:15,,,40,,,-1
19:01:20,,,-47,,,-1
19:01:25,,,6,,,-1
19:01:30,,,64,,,-1
19:01:35,,,-160,,,-1
19:01:40,,,-170,,,-1
19:01:45,,,78,,,-1
19:01:50,,,47,,,-1
19:01:55,,,89,,,-1
19:02:00,,,-133,,,-1
19:02:05,,,-158,,,-1
19:02:10,,,-155,,,832
19:02:15,,,106,,,878
19:02:20,,,-120,,,611
19:02:25,,,-127,,,941
19:02:30,,,-111,,,824
19:02:35,,,114,,,598
19:02:40,,,-162,,,775
19:02:45,,,-9,,,153
19:02:50,,,-6,,,106
19:02:55,,,-29,,,509
19:03:00,,,-179,,,287
19:03:05,,,95,,,362
19:03:10,,,-75,,,158
19:03:15,,,-51,,,48
19:03:20,,,155,,,413
19:03:25,,,72,,,773
19:03:30,,,140,,,543
19:03:35,,,18,,,871
19:03:40,,,141,,,617
19:03:45,,,49,,,594
19:03:50,,,-129,,,499
19:03:55,,,140,,,481
19:04:00,,,-159,,,385
19:04:05,,,-84,,,831
19:04:10,,,-168,,,620
19:04:15,,,28,,,939
19:04:20,,,-111,,,56
19:04:25,,,179,,,571
19:04:30,,,-119,,,788
19:04:35,,,-72,,,930
19:04:40,,,-110,,,941
19:04:45,,,-127,,,939
19:04:50,,,14,,,255
19:04:55,,,70,,,704
19:05:00,,,21,,,989
19:05:05,,,110,,,192
19:05:10,,,173,,,580
19:05:15,,,55,,,984
19:05:20,,,88,,,731
19:05:25,,,85,,,632
19:05:30,,,133,,,39
19:05:35,,,75,,,823
19:05:40,,,-175,,,255
19:05:45,,,-151,,,798
19:05:50,,,-47,,,58
19:05:55,,,23,,,314
19:06:00,,,-74,,,599
19:06:05,,,109,,,326
19:06:10,,,8,,,713
19:06:15,,,-81,,,875
19:06:20,,,-106,,,259
19:06:25,,,111,,,561
19:06:30,,,-4,,,273
19:06:35,,,24,,,478
19:06:40,,,110,,,662
19:06:45,,,-102,,,789
19:06:50,,,-150,,,960
19:06:55,,,-169,,,775
19:07:00,,,27,,,264
19:07:05,,,21,,,266
19:07:10,,,72,,,450
19:07:15,,,15,,,653
19:07:20,,,-11,,,176
19:07:25,,,9,,,146
19:07:30,,,-141,,,183
19:07:35,,,94,,,545
19:07:40,,,119,,,369
19:07:45,,,-40,,,985
19:07:50,,,170,,,226
19:07:55,,,9,,,437
19:08:00,,,136,,,291
19:08:05,,,125,,,423
19:08:10,,,-119,,,414
19:08:15,,,136,,,153
19:08:20,,,-113,,,220
19:08:25,,,50,,,554
19:08:30,,,-5,,,165
19:08:35,,,63,,,224
19:08:40,,,-126,,,154
19:08:45,,,102,,,393
19:08:50,,,-58,,,62
19:08:55,,,-10,,,272
19:09:00,,,123,,,389
19:09:05,,,-141,,,773
19:09:10,,,-130,,,353
19:09:15,,,78,,,213
19:09:20,,,-74,,,43
19:09:25,,,61,,,420
19:09:30,,,94,,,463
19:09:35,,,84,,,703
19:09:40,,,4,,,230
19:09:45,,,-89,,,683
19:09:50,,,73,,,677
19:09:55,,,1,,,691
19:10:00,,,-108,,,78
19:10:05,,,-13,,,210
19:10:10,,,120,,,309
19:10:15,,,-42,,,557
19:10:20,,,114,,,524
19:10:25,,,46,,,984
19:10:30,,,140,,,903
19:10:35,,,148,,,279
19:10:40,,,39,,,620
19:10:45,,,159,,,988
19:10:50,,,-5,,,484
19:10:55,,,173,,,906
19:11:00,,,-42,,,648
19:11:05,,,-130,,,974
19:11:10,,,-44,,,637
19:11:15,,,-70,,,120
19:11:20,,,26,,,766
19:11:25,,,9,,,604
19:11:30,,,180,,,116
19:11:35,,,-84,,,946
19:11:40,,,28,,,736
19:11:45,,,-48,,,425
19:11:50,,,-9,,,670
19:11:55,,,24,,,881
19:12:00,,,109,,,1000
19:12:05,,,-52,,,70
19:12:10,,,63,,,313
19:12:15,,,49,,,941
19:12:20,,,100,,,584
19:12:25,,,176,,,549
19:12:30,,,0,,,94
19:12:35,,,-168,,,1000
19:12:40,,,11,,,46
19:12:45,,,-24,,,491
19:12:50,,,33,,,836
19:12:55,,,-71,,,214
19:13:00,,,-119,,,573
19:13:05,,,3,,,325
19:13:10,,,168,,,522
19:13:15,,,-126,,,992
19:13:20,,,-2,,,958
19:13:25,,,72,,,774
19:13:30,,,-137,,,902
19:13:35,,,-101,,,467
19:13:40,,,-40,,,226
19:13:45,,,-37,,,661
19:13:50,,,122,,,683
19:13:55,,,-15,,,396
19:14:00,,,101,,,396
19:14:05,,,10,,,136
19:14:10,,,-133,,,552
19:14:15,,,170,,,639
19:14:20,,,118,,,226
19:14:25,,,164,,,79
19:14:30,,,-78,,,214
19:14:35,,,-62,,,14
19:14:40,,,18,,,639
19:14:45,,,46,,,499
19:14:50,,,120,,,303
19:14:55,,,16,,,942
19:15:00,,,-42,,,67
19:15:05,,,-41,,,677
19:15:10,,,-77,,,488
19:15:15,,,-59,,,529
19:15:20,,,174,,,440
19:15:25,,,-118,,,409
19:15:30,,,20,,,883
19:15:35,,,-11,,,275
19:15:40,,,-125,,,432
19:15:45,,,-159,,,464
19:15:50,,,57,,,568
19:15:55,,,113,,,205
19:16:00,,,104,,,670
19:16:05,,,-16,,,978
19:16:10,,,-131,,,210
19:16:15,,,70,,,867
19:16:20,,,-133,,,682
19:16:25,,,-31,,,174
19:16:30,,,-11,,,4
19:16:35,,,-128,,,362
19:16:40,,,26,,,589
19:16:45,,,-19,,,827
19:16:50,,,6,,,449
19:16:55,,,59,,,536
19:17:00,,,170,,,278
19:17:05,,,67,,,884
19:17:10,,,-110,,,217
19:17:15,,,-83,,,629
19:17:20,,,-110,,,494
19:17:25,,,160,,,482
19:17:30,,,105,,,434
19:17:35,,,123,,,774
19:17:40,,,-49,,,93
19:17:45,,,39,,,902
19:17:50,,,-88,,,23
19:17:55,,,-128,,,765
19:18:00,,,91,,,911
19:18:05,,,-80,,,228
19:18:10,,,110,,,862
19:18:15,,,57,,,839
19:18:20,,,23,,,411
19:18:25,,,89,,,877
19:18:30,,,-39,,,136
19:18:35,,,133,,,34
19:18:40,,,-6,,,393
19:18:45,,,56,,,943
19:18:50,,,54,,,290
19:18:55,,,-61,,,812
19:19:00,,,-55,,,481
19:19:05,,,-121,,,561
19:19:10,,,-84,,,789
19:19:15,,,145,,,717
19:19:20,,,99,,,985
19:19:25,,,-135,,,295
19:19:30,,,118,,,320
19:19:35,,,-49,,,122
19:19:40,,,71,,,81
19:19:45,,,-118,,,176
19:19:50,,,54,,,587
19:19:55,,,102,,,145
19:20:00,,,28,,,150
19:20:05,,,-108,,,465
19:20:10,,,102,,,255
19:20:15,,,1,,,187
19:20:20,,,-58,,,843
19:20:25,,,91,,,985
19:20:30,,,-8,,,179
19:20:35,,,19,,,763
19:20:40,,,169,,,698
19:20:45,,,-82,,,530
19:20:50,,,29,,,553
19:20:55,,,-142,,,410
19:21:00,,,90,,,173
19:21:05,,,18,,,811
19:21:10,,,109,,,877
19:21:15,,,-29,,,614
19:21:20,,,-162,,,658
19:21:25,,,-116,,,417
19:21:30,,,-38,,,643
19:21:35,,,-159,,,352
19:21:40,,,29,,,789
19:21:45,,,-87,,,178
19:21:50,,,-149,,,194
19:21:55,,,132,,,490
19:22:00,,,-119,,,243
19:22:05,,,-38,,,238
19:22:10,,,171,,,977
19:22:15,,,119,,,282
19:22:20,,,123,,,58
19:22:25,,,75,,,582
19:22:30,,,-128,,,677
19:22:35,,,68,,,468
19:22:40,,,-67,,,483
19:22:45,,,-101,,,988
19:22:50,,,122,,,752
19:22:55,,,2,,,903
19:23:00,,,140,,,212
19:23:05,,,-103,,,940
19:23:10,,,-132,,,600
19:23:15,,,72,,,973
19:23:20,,,-1,,,24
19:23:25,,,-9,,,233
19:23:30,,,41,,,87
19:23:35,,,-152,,,193
19:23:40,,,162,,,300
19:23:45,,,-73,,,332
19:23:50,,,-46,,,971
19:23:55,,,-152,,,475
19:24:00,,,51,,,731
19:24:05,,,-141,,,816
19:24:10,,,-154,,,367
19:24:15,,,-48,,,409
19:24:20,,,32,,,895
19:24:25,,,33,,,752
19:24:30,,,177,,,47
19:24:35,,,27,,,660
19:24:40,,,35,,,13
19:24:45,,,-122,,,559
19:24:50,,,-36,,,39
19:24:55,,,45,,,793
19:25:00,,,-158,,,467
19:25:05,,,88,,,398
19:25:10,,,-50,,,556
19:25:15,,,-85,,,418
19:25:20,,,-122,,,233
19:25:25,,,110,,,347
19:25:30,,,-68,,,523
19:25:35,,,-83,,,769
19:25:40,,,-119,,,307
19:25:45,,,18,,,970
19:25:50,,,-80,,,159
19:25:55,,,-105,,,930
19:26:00,,,-60,,,310
19:26:05,,,-66,,,485
19:26:10,,,55,,,269
19:26:15,,,-87,,,381
19:26:20,,,84,,,812
19:26:25,,,-68,,,336
19:26:30,,,7,,,557
19:26:35,,,15,,,136
19:26:40,,,32,,,543
19:26:45,,,170,,,183
19:26:50,,,-45,,,717
19:26:55,,,14,,,953
19:27:00,,,-14,,,549
19:27:05,,,-69,,,890
19:27:10,,,-23,,,231
19:27:15,,,-74,,,280
19:27:20,,,-103,,,871
19:27:25,,,-142,,,997
19:27:30,,,-64,,,675
19:27:35,,,177,,,412
19:27:40,,,-70,,,105
19:27:45,,,133,,,189
19:27:50,,,-4,,,333
19:27:55,,,-155,,,421
19:28:00,,,-41,,,189
19:28:05,,,-13,,,88
19:28:10,,,-112,,,748
19:28:15,,,142,,,755
19:28:20,,,-161,,,476
19:28:25,,,27,,,11
19:28:30,,,90,,,390
19:28:35,,,83,,,669
19:28:40,,,96,,,384
19:28:45,,,126,,,494
19:28:50,,,-118,,,706
19:28:55,,,175,,,913
19:29:00,,,-2,,,216
19:29:05,,,-67,,,604
19:29:10,,,140,,,621
19:29:15,,,62,,,132
19:29:20,,,-85,,,26
19:29:25,,,97,,,718
19:29:30,,,39,,,405
19:29:35,,,103,,,194
19:29:40,,,-130,,,16
19:29:45,,,-53,,,292
19:29:50,,,-77,,,890
19:29:55,,,-167,,,452
19:30:00,,,-168,,,531
19:30:05,,,113,,,20
19:30:10,,,-6,,,584
19:30:15,,,42,,,242
19:30:20,,,-116,,,788
19:30:25,,,-140,,,521
19:30:30,,,176,,,615
19:30:35,,,69,,,613
19:30:40,,,84,,,867
19:30:45,,,-99,,,173
19:30:50,,,124,,,818
19:30:55,,,-174,,,423
19:31:00,,,9,,,145
19:31:05,,,139,,,136
19:31:10,,,65,,,726
19:31:15,,,161,,,986
19:31:20,,,1,,,990
19:31:25,,,69,,,525
19:31:30,,,-138,,,900
19:31:35,,,3,,,681
19:31:40,,,-51,,,341
19:31:45,,,175,,,180
19:31:50,,,95,,,590
19:31:55,,,-21,,,213
19:32:00,,,90,,,681
19:32:05,,,161,,,124
19:32:10,,,140,,,779
19:32:15,,,28,,,289
19:32:20,,,110,,,908
19:32:25,,,-75,,,428
19:32:30,,,-26,,,454
19:32:35,,,-107,,,494
19:32:40,,,157,,,647
19:32:45,,,-101,,,850
19:32:50,,,42,,,973
19:32:55,,,180,,,363
19:33:00,,,115,,,167
19:33:05,,,-116,,,832
19:33:10,,,-84,,,416
19:33:15,,,154,,,517
19:33:20,,,-18,,,979
19:33:25,,,63,,,113
19:33:30,,,72,,,865
19:33:35,,,-154,,,574
19:33:40,,,-4,,,44
19:33:45,,,-156,,,330
19:33:50,,,174,,,805
19:33:55,,,108,,,493
19:34:00,,,-39,,,679
19:34:05,,,-57,,,23
19:34:10,,,51,,,554
19:34:15,,,-175,,,641
19:34:20,,,-169,,,383
19:34:25,,,-65,,,323
19:34:30,,,2,,,631
19:34:35,,,37,,,310
19:34:40,,,-87,,,262
19:34:45,,,91,,,518
19:34:50,,,-112,,,371
19:34:55,,,104,,,17
19:35:00,,,38,,,335
19:35:05,,,-89,,,52
19:35:10,,,-56,,,329
19:35:15,,,-179,,,35
19:35:20,,,178,,,899
19:35:25,,,-54,,,169
19:35:30,,,-84,,,244
19:35:35,,,-31,,,881
19:35:40,,,-62,,,719
19:35:45,,,-12,,,195
19:35:50,,,18,,,150
19:35:55,,,-144,,,448
19:36:00,,,114,,,169
19:36:05,,,-167,,,872
19:36:10,,,-69,,,79
19:36:15,,,179,,,594
19:36:20,,,-31,,,472
19:36:25,,,48,,,830
19:36:30,,,-131,,,745
19:36:35,,,106,,,139
19:36:40,,,-118,,,470
19:36:45,,,8,,,861
19:36:50,,,-175,,,646
19:36:55,,,78,,,214
19:37:00,,,80,,,252
19:37:05,,,-150,,,927
19:37:10,,,-107,,,998
19:37:15,,,-87,,,164
19:37:20,,,-29,,,863
19:37:25,,,129,,,876
19:37:30,,,123,,,10
19:37:35,,,-88,,,72
19:37:40,,,27,,,565
19:37:45,,,-78,,,566
19:37:50,,,-170,,,582
19:37:55,,,-59,,,814
19:38:00,,,87,,,629
19:38:05,,,126,,,324
19:38:10,,,-125,,,42
19:38:15,,,154,,,288
19:38:20,,,6,,,334
19:38:25,,,-11,,,322
19:38:30,,,1,,,768
19:38:35,,,-22,,,21
19:38:40,,,173,,,530
19:38:45,,,135,,,835
19:38:50,,,124,,,63
19:38:55,,,75,,,430
19:39:00,,,76,,,636
19:39:05,,,146,,,580
19:39:10,,,-160,,,758
19:39:15,,,31,,,774
19:39:20,,,97,,,924
19:39:25,,,66,,,436
19:39:30,,,-52,,,32
19:39:35,,,29,,,831
19:39:40,,,-102,,,398
19:39:45,,,-101,,,430
19:39:50,,,117,,,372
19:39:55,,,-123,,,991
19:40:00,,,-37,,,693
19:40:05,,,-16,,,593
19:40:10,,,-47,,,585
19:40:15,,,-84,,,553
19:40:20,,,17,,,755
19:40:25,,,142,,,501
19:40:30,,,-138,,,461
19:40:35,,,57,,,668
19:40:40,,,-99,,,882
19:40:45,,,168,,,181
19:40:50,,,24,,,837
19:40:55,,,166,,,198
19:41:00,,,-20,,,114
19:41:05,,,17,,,553
19:41:10,,,18,,,229
19:41:15,,,-21,,,40
19:41:20,,,56,,,327
19:41:25,,,-141,,,747
19:41:30,,,81,,,408
19:41:35,,,-148,,,344
19:41:40,,,-73,,,241
19:41:45,,,133,,,530
19:41:50,,,-114,,,246
19:41:55,,,29,,,424
19:42:00,,,99,,,794
19:42:05,,,-175,,,107
19:42:10,,,16,,,197
19:42:15,,,38,,,112
19:42:20,,,-151,,,624
19:42:25,,,-33,,,670
19:42:30,,,-29,,,244
19:42:35,,,-52,,,690
19:42:40,,,85,,,417
19:42:45,,,-61,,,751
19:42:50,,,78,,,331
19:42:55,,,-64,,,396
19:43:00,,,-110,,,624
19:43:05,,,148,,,788
19:43:10,,,-176,,,696
19:43:15,,,132,,,677
19:43:20,,,-107,,,599
19:43:25,,,-89,,,235
19:43:30,,,25,,,190
19:43:35,,,-162,,,782
19:43:40,,,166,,,375
19:43:45,,,158,,,500
19:43:50,,,-98,,,470
19:43:55,,,11,,,298
19:44:00,,,-26,,,970
19:44:05,,,-94,,,560
19:44:10,,,-12,,,602
19:44:15,,,-107,,,741
19:44:20,,,169,,,999
19:44:25,,,126,,,364
19:44:30,,,-147,,,805
19:44:35,,,169,,,388
19:44:40,,,-102,,,506
19:44:45,,,125,,,768
19:44:50,,,53,,,880
19:44:55,,,13,,,777
19:45:00,,,-12,,,605
19:45:05,,,96,,,923
19:45:10,,,9,,,648
19:45:15,,,10,,,822
19:45:20,,,55,,,294
19:45:25,,,179,,,346
19:45:30,,,8,,,231
19:45:35,,,174,,,159
19:45:40,,,-3,,,385
19:45:45,,,-118,,,150
19:45:50,,,151,,,47
19:45:55,,,-38,,,605
19:46:00,,,96,,,255
19:46:05,,,168,,,582
19:46:10,,,-54,,,48
19:46:15,,,137,,,267
19:46:20,,,-109,,,307
19:46:25,,,-1,,,145
19:46:30,,,-19,,,159
19:46:35,,,31,,,875
19:46:40,,,55,,,704
19:46:45,,,-29,,,436
19:46:50,,,147,,,610
19:46:55,,,164,,,765
19:47:00,,,-60,,,146
19:47:05,,,-109,,,894
19:47:10,,,-55,,,389
19:47:15,,,159,,,38
19:47:20,,,-58,,,6
19:47:25,,,54,,,963
19:47:30,,,31,,,454
19:47:35,,,-11,,,679
19:47:40,,,-148,,,257
19:47:45,,,157,,,813
19:47:50,,,-179,,,764
19:47:55,,,-174,,,584
19:48:00,,,130,,,778
19:48:05,,,35,,,314
19:48:10,,,-39,,,262
19:48:15,,,-166,,,333
19:48:20,,,29,,,505
19:48:25,,,103,,,839
19:48:30,,,-155,,,420
19:48:35,,,70,,,971
19:48:40,,,86,,,999
19:48:45,,,-144,,,359
19:48:50,,,-53,,,256
19:48:55,,,159,,,65
19:49:00,,,-164,,,700
19:49:05,,,-125,,,596
19:49:10,,,-85,,,521
19:49:15,,,163,,,261
19:49:20,,,28,,,569
19:49:25,,,-120,,,128
19:49:30,,,-20,,,518
19:49:35,,,51,,,464
19:49:40,,,-132,,,696
19:49:45,,,90,,,938
19:49:50,,,131,,,88
19:49:55,,,-11,,,587
19:50:00,,,55,,,989
19:50:05,,,-29,,,617
19:50:10,,,54,,,849
19:50:15,,,-35,,,91
19:50:20,,,-12,,,678
19:50:25,,,-88,,,605
19:50:30,,,103,,,928
19:50:35,,,-83,,,506
19:50:40,,,-46,,,483
19:50:45,,,-178,,,104
19:50:50,,,-119,,,417
19:50:55,,,71,,,959
19:51:00,,,133,,,363
19:51:05,,,88,,,146
19:51:10,,,-55,,,158
19:51:15,,,145,,,257
19:51:20,,,29,,,593
19:51:25,,,-88,,,895
19:51:30,,,57,,,141
19:51:35,,,-142,,,646
19:51:40,,,78,,,463
19:51:45,,,-35,,,316
19:51:50,,,-135,,,27
19:51:55,,,83,,,394
19:52:00,,,-113,,,68
19:52:05,,,-39,,,277
19:52:10,,,-29,,,412
19:52:15,,,-122,,,500
19:52:20,,,83,,,987
19:52:25,,,169,,,545
19:52:30,,,97,,,155
19:52:35,,,-160,,,994
19:52:40,,,-93,,,205
19:52:45,,,24,,,751
19:52:50,,,-64,,,425
19:52:55,,,10,,,109
19:53:00,,,-95,,,762
19:53:05,,,-62,,,685
19:53:10,,,-134,,,990
19:53:15,,,-27,,,365
19:53:20,,,104,,,912
19:53:25,,,34,,,923
19:53:30,,,105,,,643
19:53:35,,,-112,,,601
19:53:40,,,10,,,622
19:53:45,,,138,,,506
19:53:50,,,-83,,,228
19:53:55,,,83,,,642
19:54:00,,,98,,,380
19:54:05,,,75,,,98
19:54:10,,,108,,,223
19:54:15,,,155,,,290
19:54:20,,,28,,,75
19:54:25,,,-66,,,815
19:54:30,,,122,,,896
19:54:35,,,89,,,414
19:54:40,,,-35,,,496
19:54:45,,,-79,,,988
19:54:50,,,179,,,282
19:54:55,,,-10,,,414
19:55:00,,,76,,,741
19:55:05,,,-55,,,955
19:55:10,,,142,,,237
19:55:15,,,-81,,,155
19:55:20,,,82,,,524
19:55:25,,,-177,,,660
19:55:30,,,-131,,,709
19:55:35,,,-158,,,482
19:55:40,,,14,,,286
19:55:45,,,17,,,536
19:55:50,,,-142,,,911
19:55:55,,,47,,,799
19:56:00,,,99,,,496
19:56:05,,,69,,,799
19:56:10,,,29,,,803
19:56:15,,,96,,,617
19:56:20,,,45,,,518
19:56:25,,,-78,,,986
19:56:30,,,-161,,,467
19:56:35,,,-139,,,38
19:56:40,,,-161,,,537
19:56:45,,,-180,,,278
19:56:50,,,-153,,,980
19:56:55,,,19,,,511
19:57:00,,,88,,,686
19:57:05,,,-51,,,42
19:57:10,,,13,,,93
19:57:15,,,159,,,876
19:57:20,,,-13,,,400
19:57:25,,,-158,,,699
19:57:30,,,34,,,106
19:57:35,,,-104,,,810
19:57:40,,,144,,,406
19:57:45,,,112,,,108
19:57:50,,,163,,,574
19:57:55,,,-175,,,237
19:58:00,,,-68,,,20
19:58:05,,,170,,,707
19:58:10,,,-146,,,154
19:58:15,,,-40,,,424
19:58:20,,,-179,,,162
19:58:25,,,-61,,,599
19:58:30,,,-169,,,691
19:58:35,,,96,,,540
19:58:40,,,58,,,566
19:58:45,,,18,,,677
19:58:50,,,-7,,,915
19:58:55,,,9,,,824
19:59:00,,,-97,,,669
19:59:05,,,51,,,781
19:59:10,,,-105,,,532
19:59:15,,,-132,,,215
19:59:20,,,113,,,140
19:59:25,,,-87,,,520
19:59:30,,,176,,,347
19:59:35,,,22,,,692
19:59:40,,,-95,,,200
19:59:45,,,-177,,,605
19:59:50,,,123,,,698
19:59:55,,,-44,,,466
20:00:00,,,-49,,,348
20:00:05,,,-135,,,904
20:00:10,,,-42,,,498
20:00:15,,,104,,,889
20:00:20,,,94,,,592
20:00:25,,,19,,,887
20:00:30,,,-143,,,431
20:00:35,,,156,,,207
20:00:40,,,-160,,,539
20:00:45,,,-130,,,810
20:00:50,,,77,,,939
20:00:55,,,34,,,201
20:01:00,,,-27,,,102
20:01:05,,,85,,,556
20:01:10,,,-48,,,543
20:01:15,,,-82,,,764
20:01:20,,,-69,,,170
20:01:25,,,-146,,,83
20:01:30,,,-127,,,538
20:01:35,,,-1,,,60
20:01:40,,,-24,,,130
20:01:45,,,73,,,11
20:01:50,,,-12,,,10
20:01:55,,,161,,,310
20:02:00,,,-40,,,129
20:02:05,,,-2,,,318
20:02:10,,,133,,,587
20:02:15,,,-135,,,954
20:02:20,,,71,,,828
20:02:25,,,-43,,,476
20:02:30,,,169,,,608
20:02:35,,,56,,,741
20:02:40,,,137,,,714
20:02:45,,,82,,,90
20:02:50,,,63,,,960
20:02:55,,,28,,,164
20:03:00,,,133,,,71
20:03:05,,,-33,,,181
20:03:10,,,-155,,,75
20:03:15,,,50,,,172
20:03:20,,,-47,,,869
20:03:25,,,14,,,825
20:03:30,,,67,,,80
20:03:35,,,127,,,746
20:03:40,,,-68,,,774
20:03:45,,,52,,,154
20:03:50,,,78,,,463
20:03:55,,,-39,,,938
20:04:00,,,-167,,,399
20:04:05,,,-140,,,989
20:04:10,,,-102,,,684
20:04:15,,,150,,,665
20:04:20,,,138,,,980
20:04:25,,,-129,,,369
20:04:30,,,122,,,891
20:04:35,,,104,,,829
20:04:40,,,113,,,17
20:04:45,,,-2,,,644
20:04:50,,,110,,,124
20:04:55,,,-117,,,109
20:05:00,,,-37,,,594
20:05:05,,,-28,,,783
20:05:10,,,-109,,,529
20:05:15,,,-69,,,439
20:05:20,,,-45,,,956
20:05:25,,,-47,,,706
20:05:30,,,58,,,140
20:05:35,,,-7,,,232
20:05:40,,,49,,,356
20:05:45,,,50,,,55
20:05:50,,,-131,,,21
20:05:55,,,-94,,,768
20:06:00,,,74,,,619
20:06:05,,,-70,,,17
20:06:10,,,-169,,,451
20:06:15,,,-53,,,947
20:06:20,,,-6,,,385
20:06:25,,,54,,,576
20:06:30,,,11,,,312
20:06:35,,,-101,,,993
20:06:40,,,-3,,,771
20:06:45,,,114,,,777
20:06:50,,,-103,,,844
20:06:55,,,94,,,119
20:07:00,,,-82,,,713
20:07:05,,,-31,,,300
20:07:10,,,-13,,,667
20:07:15,,,-164,,,489
20:07:20,,,115,,,771
20:07:25,,,83,,,736
20:07:30,,,-92,,,424
20:07:35,,,-37,,,812
20:07:40,,,-90,,,133
20:07:45,,,11,,,834
20:07:50,,,47,,,728
20:07:55,,,110,,,187
20:08:00,,,-135,,,138
20:08:05,,,-63,,,24
20:08:10,,,-53,,,606
20:08:15,,,13,,,597
20:08:20,,,-28,,,901
20:08:25,,,-30,,,260
20:08:30,,,-46,,,680
20:08:35,,,-142,,,838
20:08:40,,,-174,,,749
20:08:45,,,-101,,,992
20:08:50,,,29,,,647
20:08:55,,,-116,,,76
20:09:00,,,-13,,,791
20:09:05,,,-98,,,158
20:09:10,,,-52,,,6
20:09:15,,,-127,,,724
20:09:20,,,-121,,,631
20:09:25,,,-126,,,552
20:09:30,,,-28,,,247
20:09:35,,,-142,,,356
20:09:40,,,-44,,,865
20:09:45,,,-92,,,485
20:09:50,,,112,,,407
20:09:55,,,-126,,,52
20:10:00,,,84,,,627
20:10:05,,,-32,,,505
20:10:10,,,-124,,,23
20:10:15,,,88,,,646
20:10:20,,,-106,,,985
20:10:25,,,-43,,,990
20:10:30,,,14,,,940
20:10:35,,,-67,,,668
20:10:40,,,-81,,,368
20:10:45,,,-123,,,264
20:10:50,,,148,,,343
20:10:55,,,54,,,868
20:11:00,,,58,,,24
20:11:05,,,122,,,374
20:11:10,,,-129,,,529
20:11:15,,,8,,,648
20:11:20,,,178,,,247
20:11:25,,,-133,,,51
20:11:30,,,176,,,312
20:11:35,,,-175,,,43
20:11:40,,,124,,,662
20:11:45,,,42,,,122
20:11:50,,,109,,,61
20:11:55,,,-121,,,532
20:12:00,,,-41,,,432
20:12:05,,,86,,,235
20:12:10,,,-76,,,542
20:12:15,,,-158,,,627
20:12:20,,,39,,,226
20:12:25,,,-17,,,963
20:12:30,,,151,,,225
20:12:35,,,-71,,,909
20:12:40,,,112,,,698
20:12:45,,,99,,,413
20:12:50,,,-77,,,275
20:12:55,,,154,,,481
20:13:00,,,26,,,952
20:13:05,,,-138,,,425
20:13:10,,,-21,,,725
20:13:15,,,-38,,,158
20:13:20,,,31,,,985
20:13:25,,,-26,,,886
20:13:30,,,-139,,,85
20:13:35,,,-11,,,592
20:13:40,,,58,,,779
20:13:45,,,120,,,592
20:13:50,,,10,,,662
20:13:55,,,-130,,,308
20:14:00,,,5,,,294
20:14:05,,,60,,,619
20:14:10,,,-135,,,254
20:14:15,,,83,,,319
20:14:20,,,-8,,,461
20:14:25,,,21,,,111
20:14:30,,,35,,,715
20:14:35,,,-77,,,351
20:14:40,,,66,,,390
20:14:45,,,-104,,,159
20:14:50,,,127,,,755
20:14:55,,,-21,,,442
20:15:00,,,6,,,589
20:15:05,,,99,,,16
20:15:10,,,-27,,,444
20:15:15,,,-118,,,789
20:15:20,,,-61,,,558
20:15:25,,,-74,,,761
20:15:30,,,57,,,673
20:15:35,,,-138,,,324
20:15:40,,,173,,,506
20:15:45,,,-20,,,463
20:15:50,,,74,,,316
20:15:55,,,161,,,271
20:16:00,,,-11,,,956
20:16:05,,,178,,,951
20:16:10,,,-150,,,625
20:16:15,,,163,,,149
20:16:20,,,-74,,,626
20:16:25,,,61,,,847
20:16:30,,,147,,,561
20:16:35,,,-45,,,710
20:16:40,,,39,,,26
20:16:45,,,-91,,,981
20:16:50,,,65,,,613
20:16:55,,,-139,,,202
20:17:00,,,-3,,,-1
20:17:05,,,104,,,777
20:17:10,,,-139,,,135
20:17:15,,,135,,,457
20:17:20,,,9,,,308
20:17:25,,,-91,,,931
20:17:30,,,149,,,869
20:17:35,,,64,,,800
20:17:40,,,-1,,,262
20:17:45,,,13,,,744
20:17:50,,,-71,,,773
20:17:55,,,77,,,29
20:18:00,,,-18,,,783
20:18:05,,,-135,,,656
20:18:10,,,-9,,,17
20:18:15,,,83,,,648
20:18:20,,,-153,,,571
20:18:25,,,80,,,178
20:18:30,,,145,,,72
20:18:35,,,-8,,,349
20:18:40,,,149,,,920
20:18:45,,,162,,,772
20:18:50,,,-70,,,863
20:18:55,,,28,,,369
20:19:00,,,169,,,614
20:19:05,,,176,,,531
20:19:10,,,105,,,114
20:19:15,,,-167,,,266
20:19:20,,,6,,,372
20:19:25,,,8,,,534
20:19:30,,,-53,,,59
20:19:35,,,36,,,898
20:19:40,,,112,,,284
20:19:45,,,-57,,,869
20:19:50,,,-47,,,98
20:19:55,,,97,,,449
20:20:00,,,-3,,,773
20:20:05,,,34,,,573
20:20:10,,,1,,,974
20:20:15,,,77,,,939
20:20:20,,,-64,,,931
20:20:25,,,119,,,981
20:20:30,,,-147,,,15
20:20:35,,,178,,,941
20:20:40,,,174,,,552
20:20:45,,,-64,,,628
20:20:50,,,141,,,323
20:20:55,,,-154,,,895
20:21:00,,,25,,,677
20:21:05,,,8,,,721
20:21:10,,,21,,,449
20:21:15,,,21,,,664
20:21:20,,,-170,,,273
20:21:25,,,-122,,,492
20:21:30,,,-105,,,996
20:21:35,,,-171,,,935
20:21:40,,,-93,,,884
20:21:45,,,82,,,788
20:21:50,,,88,,,931
20:21:55,,,171,,,331
20:22:00,,,2,,,545
20:22:05,,,-102,,,699
20:22:10,,,-170,,,251
20:22:15,,,156,,,201
20:22:20,,,147,,,140
20:22:25,,,141,,,864
20:22:30,,,145,,,999
20:22:35,,,175,,,432
20:22:40,,,-154,,,370
20:22:45,,,104,,,434
20:22:50,,,8,,,780
20:22:55,,,158,,,797
20:23:00,,,58,,,314
20:23:05,,,-77,,,489
20:23:10,,,39,,,532
20:23:15,,,89,,,419
20:23:20,,,-66,,,478
20:23:25,,,-178,,,197
20:23:30,,,21,,,601
20:23:35,,,149,,,740
20:23:40,,,179,,,839
20:23:45,,,53,,,94
20:23:50,,,151,,,689
20:23:55,,,-69,,,295
20:24:00,,,135,,,641
20:24:05,,,-37,,,255
20:24:10,,,-176,,,749
20:24:15,,,-70,,,118
20:24:20,,,-74,,,294
20:24:25,,,133,,,323
20:24:30,,,-31,,,988
20:24:35,,,-72,,,358
20:24:40,,,64,,,256
20:24:45,,,109,,,792
20:24:50,,,51,,,427
20:24:55,,,-91,,,456
20:25:00,,,99,,,569
20:25:05,,,6,,,574
20:25:10,,,29,,,239
20:25:15,,,-19,,,616
20:25:20,,,-6,,,755
20:25:25,,,-176,,,916
20:25:30,,,137,,,0
20:25:35,,,5,,,857
20:25:40,,,131,,,450
20:25:45,,,-103,,,669
20:25:50,,,-125,,,176
20:25:55,,,48,,,795
20:26:00,,,-112,,,142
20:26:05,,,19,,,425
20:26:10,,,86,,,298
20:26:15,,,117,,,262
20:26:20,,,-145,,,297
20:26:25,,,-113,,,328
20:26:30,,,129,,,318
20:26:35,,,-39,,,711
20:26:40,,,-4,,,273
20:26:45,,,99,,,509
20:26:50,,,91,,,134
20:26:55,,,-90,,,348
20:27:00,,,83,,,844
20:27:05,,,-4,,,998
20:27:10,,,168,,,14
20:27:15,,,164,,,814
20:27:20,,,-132,,,119
20:27:25,,,-166,,,134
20:27:30,,,-156,,,0
20:27:35,,,-175,,,766
20:27:40,,,174,,,597
20:27:45,,,67,,,140
20:27:50,,,122,,,220
20:27:55,,,-162,,,769
20:28:00,,,-112,,,172
20:28:05,,,144,,,69
20:28:10,,,46,,,800
20:28:15,,,-38,,,106
20:28:20,,,101,,,925
20:28:25,,,38,,,144
20:28:30,,,127,,,864
20:28:35,,,-110,,,162
20:28:40,,,147,,,830
20:28:45,,,149,,,842
20:28:50,,,70,,,607
20:28:55,,,-107,,,861
20:29:00,,,-113,,,813
20:29:05,,,-99,,,19
20:29:10,,,-105,,,29
20:29:15,,,95,,,482
20:29:20,,,-151,,,557
20:29:25,,,152,,,320
20:29:30,,,94,,,679
20:29:35,,,94,,,141
20:29:40,,,153,,,400
20:29:45,,,44,,,927
20:29:50,,,-178,,,588
20:29:55,,,-127,,,352
20:30:00,,,-47,,,503
20:30:05,,,-59,,,899
20:30:10,,,-2,,,114
20:30:15,,,-64,,,144
20:30:20,,,-76,,,308
20:30:25,,,12,,,687
20:30:30,,,-156,,,732
20:30:35,,,-30,,,358
20:30:40,,,-65,,,856
20:30:45,,,-12,,,566
20:30:50,,,-123,,,968
20:30:55,,,-114,,,334
20:31:00,,,-100,,,145
20:31:05,,,-47,,,278
20:31:10,,,-76,,,394
20:31:15,,,-171,,,970
20:31:20,,,-6,,,209
20:31:25,,,-100,,,568
20:31:30,,,39,,,18
20:31:35,,,176,,,94
20:31:40,,,-147,,,318
20:31:45,,,-116,,,709
20:31:50,,,-110,,,296
20:31:55,,,111,,,651
20:32:00,,,-161,,,704
20:32:05,,,132,,,463
20:32:10,,,-55,,,415
20:32:15,,,-109,,,898
20:32:20,,,125,,,691
20:32:25,,,-77,,,350
20:32:30,,,91,,,237
20:32:35,,,56,,,888
20:32:40,,,6,,,817
20:32:45,,,-49,,,605
20:32:50,,,158,,,283
20:32:55,,,80,,,728
20:33:00,,,-63,,,486
20:33:05,,,7,,,612
20:33:10,,,-45,,,589
20:33:15,,,49,,,620
20:33:20,,,4,,,905
20:33:25,,,-17,,,533
20:33:30,,,-131,,,765
20:33:35,,,47,,,117
20:33:40,,,-60,,,190
20:33:45,,,74,,,320
20:33:50,,,-152,,,994
20:33:55,,,-35,,,682
20:34:00,,,-175,,,594
20:34:05,,,-44,,,463
20:34:10,,,-101,,,279
20:34:15,,,-47,,,339
20:34:20,,,143,,,434
20:34:25,,,-45,,,362
20:34:30,,,165,,,300
20:34:35,,,-154,,,63
20:34:40,,,93,,,900
20:34:45,,,8,,,557
20:34:50,,,141,,,596
20:34:55,,,-7,,,752
20:35:00,,,29,,,608
20:35:05,,,157,,,668
20:35:10,,,-144,,,738
20:35:15,,,87,,,157
20:35:20,,,-155,,,353
20:35:25,,,-46,,,244
20:35:30,,,-83,,,691
20:35:35,,,130,,,640
20:35:40,,,-110,,,752
20:35:45,,,-164,,,607
20:35:50,,,-1,,,959
20:35:55,,,144,,,936
20:36:00,,,-24,,,76
20:36:05,,,30,,,951
20:36:10,,,71,,,699
20:36:15,,,-57,,,872
20:36:20,,,-125,,,607
20:36:25,,,142,,,552
20:36:30,,,90,,,143
20:36:35,,,126,,,900
20:36:40,,,108,,,142
20:36:45,,,124,,,930
20:36:50,,,-38,,,471
20:36:55,,,-136,,,421
20:37:00,,,89,,,123
20:37:05,,,-111,,,45
20:37:10,,,37,,,181
20:37:15,,,101,,,504
20:37:20,,,6,,,162
20:37:25,,,130,,,960
20:37:30,,,-66,,,259
20:37:35,,,-35,,,98
20:37:40,,,-32,,,802
20:37:45,,,-134,,,184
20:37:50,,,123,,,309
20:37:55,,,-101,,,481
20:38:00,,,102,,,827
20:38:05,,,35,,,743
20:38:10,,,9,,,762
20:38:15,,,-102,,,549
20:38:20,,,37,,,528
20:38:25,,,26,,,307
20:38:30,,,-69,,,144
20:38:35,,,14,,,517
20:38:40,,,140,,,199
20:38:45,,,144,,,956
20:38:50,,,-119,,,664
20:38:55,,,-73,,,722
20:39:00,,,153,,,192
20:39:05,,,8,,,275
20:39:10,,,44,,,349
20:39:15,,,120,,,173
20:39:20,,,103,,,155
20:39:25,,,97,,,698
20:39:30,,,75,,,178
20:39:35,,,-67,,,409
20:39:40,,,-109,,,972
20:39:45,,,6,,,230
20:39:50,,,-107,,,901
20:39:55,,,-67,,,661
20:40:00,,,-63,,,189
20:40:05,,,-10,,,205
20:40:10,,,-162,,,789
20:40:15,,,-12,,,930
20:40:20,,,-89,,,326
20:40:25,,,-168,,,564
20:40:30,,,119,,,276
20:40:35,,,-91,,,762
20:40:40,,,117,,,113
20:40:45,,,-14,,,791
20:40:50,,,66,,,229
20:40:55,,,134,,,700
20:41:00,,,-60,,,161
20:41:05,,,122,,,955
20:41:10,,,-145,,,867
20:41:15,,,-102,,,33
20:41:20,,,27,,,390
20:41:25,,,-60,,,715
20:41:30,,,-172,,,984
20:41:35,,,40,,,327
20:41:40,,,-94,,,877
20:41:45,,,16,,,355
20:41:50,,,10,,,113
20:41:55,,,-89,,,639
20:42:00,,,26,,,757
20:42:05,,,-136,,,876
20:42:10,,,13,,,22
20:42:15,,,147,,,78
20:42:20,,,61,,,514
20:42:25,,,-178,,,578
20:42:30,,,-55,,,848
20:42:35,,,-51,,,319
20:42:40,,,167,,,317
20:42:45,,,111,,,701
20:42:50,,,57,,,349
20:42:55,,,-21,,,609
20:43:00,,,171,,,415
20:43:05,,,-143,,,993
20:43:10,,,26,,,976
20:43:15,,,-1,,,627
20:43:20,,,125,,,9
20:43:25,,,89,,,506
20:43:30,,,114,,,459
20:43:35,,,-51,,,574
20:43:40,,,-14,,,152
20:43:45,,,-117,,,925
20:43:50,,,158,,,794
20:43:55,,,64,,,651
20:44:00,,,34,,,151
20:44:05,,,-95,,,629
20:44:10,,,-135,,,132
20:44:15,,,-171,,,763
20:44:20,,,-165,,,178
20:44:25,,,119,,,112
20:44:30,,,-159,,,219
20:44:35,,,21,,,873
20:44:40,,,4,,,689
20:44:45,,,97,,,544
20:44:50,,,24,,,108
20:44:55,,,-7,,,345
20:45:00,,,-84,,,273
20:45:05,,,-80,,,518
20:45:10,,,-158,,,496
20:45:15,,,-37,,,398
20:45:20,,,23,,,242
20:45:25,,,36,,,195
20:45:30,,,17,,,689
20:45:35,,,-104,,,138
20:45:40,,,139,,,349
20:45:45,,,-86,,,947
20:45:50,,,47,,,674
20:45:55,,,-116,,,714
20:46:00,,,146,,,682
20:46:05,,,-121,,,721
20:46:10,,,80,,,624
20:46:15,,,-44,,,201
20:46:20,,,-160,,,173
20:46:25,,,-37,,,838
20:46:30,,,-87,,,356
20:46:35,,,5,,,24
20:46:40,,,-135,,,763
20:46:45,,,-27,,,978
20:46:50,,,-122,,,853
20:46:55,,,-51,,,641
20:47:00,,,92,,,617
20:47:05,,,-129,,,682
20:47:10,,,-31,,,120
20:47:15,,,40,,,327
20:47:20,,,40,,,396
20:47:25,,,-72,,,710
20:47:30,,,-16,,,595
20:47:35,,,0,,,440
20:47:40,,,-179,,,31
20:47:45,,,-144,,,810
20:47:50,,,39,,,329
20:47:55,,,-60,,,733
20:48:00,,,56,,,842
20:48:05,,,173,,,501
20:48:10,,,38,,,722
20:48:15,,,-49,,,256
20:48:20,,,173,,,738
20:48:25,,,-134,,,500
20:48:30,,,29,,,674
20:48:35,,,-63,,,167
20:48:40,,,-1,,,854
20:48:45,,,140,,,269
20:48:50,,,-161,,,461
20:48:55,,,141,,,434
20:49:00,,,163,,,631
20:49:05,,,132,,,492
20:49:10,,,-132,,,945
20:49:15,,,73,,,888
20:49:20,,,161,,,910
20:49:25,,,-113,,,38
20:49:30,,,-125,,,391
20:49:35,,,-86,,,83
20:49:40,,,135,,,578
20:49:45,,,-14,,,212
20:49:50,,,178,,,544
20:49:55,,,18,,,774
20:50:00,,,-55,,,495
20:50:05,,,94,,,962
20:50:10,,,-129,,,727
20:50:15,,,166,,,261
20:50:20,,,95,,,216
20:50:25,,,48,,,773
20:50:30,,,-65,,,264
20:50:35,,,146,,,130
20:50:40,,,-155,,,278
20:50:45,,,143,,,717
20:50:50,,,-99,,,26
20:50:55,,,138,,,68
20:51:00,,,162,,,865
20:51:05,,,-176,,,201
20:51:10,,,-28,,,639
20:51:15,,,-112,,,44
20:51:20,,,0,,,139
20:51:25,,,137,,,189
20:51:30,,,20,,,923
20:51:35,,,111,,,448
20:51:40,,,-63,,,607
20:51:45,,,-156,,,535
20:51:50,,,117,,,61
20:51:55,,,178,,,944
20:52:00,,,-25,,,929
20:52:05,,,-31,,,966
20:52:10,,,-107,,,416
20:52:15,,,47,,,375
20:52:20,,,-46,,,871
20:52:25,,,-42,,,771
20:52:30,,,180,,,54
20:52:35,,,-122,,,722
20:52:40,,,68,,,971
20:52:45,,,95,,,658
20:52:50,,,-14,,,780
20:52:55,,,-112,,,119
20:53:00,,,-64,,,974
20:53:05,,,85,,,574
20:53:10,,,165,,,385
20:53:15,,,5,,,945
20:53:20,,,-100,,,840
20:53:25,,,-47,,,862
20:53:30,,,98,,,672
20:53:35,,,168,,,584
20:53:40,,,-10,,,436
20:53:45,,,153,,,493
20:53:50,,,-102,,,468
20:53:55,,,-36,,,400
20:54:00,,,-50,,,59
20:54:05,,,35,,,186
20:54:10,,,-170,,,538
20:54:15,,,-42,,,976
20:54:20,,,154,,,863
20:54:25,,,-143,,,41
20:54:30,,,-10,,,266
20:54:35,,,124,,,225
20:54:40,,,-42,,,975
20:54:45,,,-162,,,860
20:54:50,,,-133,,,103
20:54:55,,,-4,,,556
20:55:00,,,-37,,,939
20:55:05,,,155,,,614
20:55:10,,,-79,,,865
20:55:15,,,46,,,371
20:55:20,,,7,,,421
20:55:25,,,-136,,,383
20:55:30,,,29,,,531
20:55:35,,,-117,,,948
20:55:40,,,-76,,,550
20:55:45,,,-43,,,146
20:55:50,,,127,,,755
20:55:55,,,32,,,982
20:56:00,,,170,,,579
20:56:05,,,126,,,209
20:56:10,,,67,,,846
20:56:15,,,-60,,,433
20:56:20,,,106,,,537
20:56:25,,,-61,,,924
20:56:30,,,-30,,,863
20:56:35,,,163,,,937
20:56:40,,,66,,,252
20:56:45,,,144,,,419
20:56:50,,,65,,,913
20:56:55,,,132,,,798
20:57:00,,,178,,,645
20:57:05,,,95,,,982
20:57:10,,,-46,,,295
20:57:15,,,121,,,302
20:57:20,,,8,,,850
20:57:25,,,87,,,525
20:57:30,,,179,,,74
20:57:35,,,85,,,638
20:57:40,,,74,,,176
20:57:45,,,40,,,742
20:57:50,,,41,,,574
20:57:55,,,164,,,164
20:58:00,,,2,,,674
20:58:05,,,96,,,164
20:58:10,,,-83,,,588
20:58:15,,,-73,,,972
20:58:20,,,-69,,,739
20:58:25,,,105,,,602
20:58:30,,,3,,,727
20:58:35,,,-7,,,903
20:58:40,,,77,,,428
20:58:45,,,68,,,109
20:58:50,,,5,,,85
20:58:55,,,-89,,,561
20:59:00,,,175,,,504
20:59:05,,,-161,,,434
20:59:10,,,-38,,,334
20:59:15,,,-37,,,307
20:59:20,,,112,,,637
20:59:25,,,-163,,,955
20:59:30,,,-90,,,319
20:59:35,,,128,,,305
20:59:40,,,-142,,,59
20:59:45,,,150,,,182
20:59:50,,,64,,,245
20:59:55,,,-126,,,265
21:00:00,,,2,,,158
21:00:05,,,-54,,,529
21:00:10,,,-100,,,884
21:00:15,,,-49,,,790
21:00:20,,,159,,,856
21:00:25,,,-74,,,564
21:00:30,,,119,,,256
21:00:35,,,-63,,,132
21:00:40,,,-94,,,270
21:00:45,,,76,,,37
21:00:50,,,-97,,,160
21:00:55,,,38,,,872
21:01:00,,,-122,,,945
21:01:05,,,-180,,,850
21:01:10,,,-122,,,926
21:01:15,,,161,,,67
21:01:20,,,114,,,996
21:01:25,,,123,,,258
21:01:30,,,89,,,834
21:01:35,,,63,,,-1
21:01:40,,,37,,,-1
21:01:45,,,56,,,-1
21:01:50,,,77,,,-1
21:01:55,,,-60,,,-1
21:02:00,,,16,,,-1
21:02:05,,,-23,,,-1
21:02:10,,,81,,,-1
21:02:15,,,-160,,,-1
21:02:20,,,-73,,,-1
21:02:25,,,-38,,,-1
21:02:30,,,-35,,,-1
21:02:35,,,-69,,,-1
21:02:40,,,-56,,,-1
21:02:45,,,-21,,,-1
21:02:50,,,-159,,,-1
21:02:55,,,97,,,-1
21:03:00,,,174,,,-1
21:03:05,,,12,,,-1
21:03:10,,,79,,,-1
21:03:15,,,60,,,-1
21:03:20,,,-155,,,-1
21:03:25,,,-180,,,-1
21:03:30,,,-172,,,-1
21:03:35,,,-151,,,-1
21:03:40,,,-24,,,-1
21:03:45,,,162,,,-1
21:03:50,,,-26,,,-1
21:03:55,,,-45,,,-1
21:04:00,,,42,,,-1
21:04:05,,,-31,,,-1
21:04:10,,,-113,,,-1
21:04:15,,,105,,,-1
21:04:20,,,-52,,,-1
21:04:25,,,-60,,,-1
21:04:30,,,-12,,,-1
21:04:35,,,-87,,,-1
21:04:40,,,-100,,,-1
21:04:45,,,152,,,-1
21:04:50,,,-55,,,-1
21:04:55,,,-60,,,-1
21:05:00,,,139,,,-1
21:05:05,,,-160,,,-1
21:05:10,,,-138,,,-1
21:05:15,,,157,,,-1
21:05:20,,,134,,,-1
21:05:25,,,87,,,-1
21:05:30,,,-43,,,-1
21:05:35,,,101,,,-1
21:05:40,,,155,,,-1
21:05:45,,,-23,,,-1
21:05:50,,,61,,,-1
21:05:55,,,-16,,,-1
21:06:00,,,62,,,-1
21:06:05,,,177,,,-1
21:06:10,,,57,,,-1
21:06:15,,,-162,,,-1
21:06:20,,,133,,,-1
21:06:25,,,-40,,,-1
21:06:30,,,-19,,,-1
21:06:35,,,73,,,-1
21:06:40,,,126,,,-1
21:06:45,,,48,,,-1
21:06:50,,,-40,,,-1
21:06:55,,,59,,,-1
21:07:00,,,-50,,,-1
21:07:05,,,177,,,-1
21:07:10,,,14,,,-1
21:07:15,,,164,,,-1
21:07:20,,,152,,,-1
21:07:25,,,-146,,,-1
21:07:30,,,-68,,,-1
21:07:35,,,-112,,,-1
21:07:40,,,164,,,-1
21:07:45,,,134,,,-1
21:07:50,,,72,,,-1
21:07:55,,,-65,,,-1
21:08:00,,,-169,,,-1
21:08:05,,,-47,,,-1
21:08:10,,,161,,,-1
21:08:15,,,79,,,-1
21:08:20,,,-74,,,-1
21:08:25,,,-80,,,-1
21:08:30,,,-131,,,-1
21:08:35,,,-124,,,-1
21:08:40,,,-18,,,-1
21:08:45,,,-175,,,-1
21:08:50,,,118,,,-1
21:08:55,,,180,,,-1
21:09:00,,,93,,,-1
21:09:05,,,44,,,-1
21:09:10,,,-71,,,-1
21:09:15,,,-120,,,-1
21:09:20,,,36,,,-1
21:09:25,,,58,,,-1
21:09:30,,,-120,,,-1
21:09:35,,,80,,,-1
21:09:40,,,-170,,,-1
21:09:45,,,173,,,-1
21:09:50,,,36,,,-1
21:09:55,,,106,,,-1
21:10:00,,,75,,,-1
21:10:05,,,-70,,,-1
21:10:10,,,-139,,,-1
21:10:15,,,23,,,-1
21:10:20,,,-128,,,-1
21:10:25,,,24,,,-1
21:10:30,,,48,,,-1
21:10:35,,,23,,,-1
21:10:40,,,42,,,-1
21:10:45,,,-43,,,-1
21:10:50,,,-11,,,-1
21:10:55,,,75,,,-1
21:11:00,,,-3,,,-1
21:11:05,,,48,,,-1
21:11:10,,,-76,,,-1
21:11:15,,,-70,,,-1
21:11:20,,,-148,,,-1
21:11:25,,,85,,,-1
21:11:30,,,151,,,-1
21:11:35,,,105,,,-1
21:11:40,,,159,,,-1
21:11:45,,,-69,,,-1
21:11:50,,,-23,,,-1
21:11:55,,,-101,,,-1
21:12:00,,,52,,,-1
21:12:05,,,-33,,,-1
21:12:10,,,-145,,,-1
21:12:15,,,-107,,,-1
21:12:20,,,-88,,,-1
21:12:25,,,-134,,,-1
21:12:30,,,-14,,,-1
21:12:35,,,-19,,,-1
21:12:40,,,167,,,-1
21:12:45,,,-55,,,-1
21:12:50,,,65,,,-1
21:12:55,,,-122,,,-1
21:13:00,,,56,,,-1
21:13:05,,,-100,,,-1
21:13:10,,,-170,,,-1
21:13:15,,,-123,,,-1
21:13:20,,,-48,,,-1
21:13:25,,,-176,,,-1
21:13:30,,,9,,,-1
21:13:35,,,157,,,-1
21:13:40,,,10,,,-1
21:13:45,,,79,,,-1
21:13:50,,,98,,,-1
21:13:55,,,-132,,,-1
21:14:00,,,-78,,,-1
21:14:05,,,-70,,,-1
21:14:10,,,58,,,-1
21:14:15,,,-174,,,-1
21:14:20,,,-164,,,-1
21:14:25,,,-168,,,-1
21:14:30,,,31,,,-1
21:14:35,,,-144,,,-1
21:14:40,,,-173,,,-1
21:14:45,,,-118,,,-1
21:14:50,,,112,,,-1
21:14:55,,,-153,,,-1
21:15:00,,,-41,,,-1
21:15:05,,,-131,,,-1
21:15:10,,,55,,,-1
21:15:15,,,53,,,-1
21:15:20,,,136,,,-1
21:15:25,,,9,,,-1
21:15:30,,,64,,,-1
21:15:35,,,132,,,-1
21:15:40,,,117,,,-1
21:15:45,,,-58,,,-1
21:15:50,,,-24,,,-1
21:15:55,,,75,,,-1
21:16:00,,,9,,,-1
21:16:05,,,116,,,-1
21:16:10,,,131,,,-1
21:16:15,,,-63,,,-1
21:16:20,,,47,,,-1
21:16:25,,,164,,,-1
21:16:30,,,-28,,,-1
21:16:35,,,-114,,,-1
21:16:40,,,-170,,,-1
21:16:45,,,-138,,,-1
21:16:50,,,57,,,-1
21:16:55,,,-160,,,-1
21:17:00,,,-88,,,-1
21:17:05,,,-155,,,-1
21:17:10,,,162,,,-1
21:17:15,,,118,,,-1
21:17:20,,,98,,,-1
21:17:25,,,63,,,-1
21:17:30,,,133,,,-1
21:17:35,,,33,,,-1
21:17:40,,,42,,,-1
21:17:45,,,135,,,-1
21:17:50,,,-54,,,-1
21:17:55,,,-144,,,-1
21:18:00,,,119,,,-1
21:18:05,,,31,,,-1
21:18:10,,,-76,,,-1
21:18:15,,,-117,,,-1
21:18:20,,,38,,,-1
21:18:25,,,-127,,,-1
21:18:30,,,-33,,,-1
21:18:35,,,164,,,-1
21:18:40,,,98,,,-1
21:18:45,,,-96,,,-1
21:18:50,,,114,,,-1
21:18:55,,,-157,,,-1
21:19:00,,,-135,,,-1
21:19:05,,,138,,,-1
21:19:10,,,116,,,-1
21:19:15,,,-85,,,-1
21:19:20,,,-60,,,-1
21:19:25,,,69,,,-1
21:19:30,,,174,,,-1
21:19:35,,,168,,,-1
21:19:40,,,-145,,,-1
21:19:45,,,141,,,-1
21:19:50,,,99,,,-1
21:19:55,,,-168,,,-1
21:20:00,,,142,,,-1
21:20:05,,,-105,,,-1
21:20:10,,,133,,,-1
21:20:15,,,109,,,-1
21:20:20,,,112,,,-1
21:20:25,,,147,,,-1
21:20:30,,,-43,,,-1
21:20:35,,,-107,,,-1
21:20:40,,,80,,,-1
21:20:45,,,155,,,-1
21:20:50,,,-118,,,-1
21:20:55,,,73,,,-1
21:21:00,,,148,,,-1
21:21:05,,,169,,,-1
21:21:10,,,86,,,-1
21:21:15,,,13,,,-1
21:21:20,,,-10,,,-1
21:21:25,,,-95,,,-1
21:21:30,,,-39,,,-1
21:21:35,,,-167,,,-1
21:21:40,,,107,,,-1
21:21:45,,,-128,,,-1
21:21:50,,,40,,,-1
21:21:55,,,101,,,-1
21:22:00,,,156,,,-1
21:22:05,,,-157,,,-1
21:22:10,,,5,,,-1
21:22:15,,,121,,,-1
21:22:20,,,39,,,-1
21:22:25,,,55,,,-1
21:22:30,,,82,,,-1
21:22:35,,,-55,,,-1
21:22:40,,,141,,,-1
21:22:45,,,-171,,,-1
21:22:50,,,-40,,,-1
21:22:55,,,-16,,,-1
21:23:00,,,-30,,,-1
21:23:05,,,73,,,-1
21:23:10,,,153,,,-1
21:23:15,,,-101,,,-1
21:23:20,,,138,,,-1
21:23:25,,,-180,,,-1
21:23:30,,,-131,,,-1
21:23:35,,,43,,,-1
21:23:40,,,114,,,-1
21:23:45,,,27,,,-1
21:23:50,,,109,,,-1
21:23:55,,,-23,,,-1
21:24:00,,,113,,,-1
21:24:05,,,16,,,-1
21:24:10,,,22,,,-1
21:24:15,,,-15,,,-1
21:24:20,,,-8,,,-1
21:24:25,,,45,,,-1
21:24:30,,,-171,,,-1
21:24:35,,,-45,,,-1
21:24:40,,,-2,,,-1
21:24:45,,,57,,,-1
21:24:50,,,-113,,,-1
21:24:55,,,108,,,-1
21:25:00,,,32,,,-1
21:25:05,,,-125,,,-1
21:25:10,,,-145,,,-1
21:25:15,,,-74,,,-1
21:25:20,,,154,,,-1
21:25:25,,,58,,,-1
21:25:30,,,-151,,,-1
21:25:35,,,96,,,-1
21:25:40,,,-119,,,-1
21:25:45,,,-10,,,-1
21:25:50,,,109,,,-1
21:25:55,,,-110,,,-1
21:26:00,,,54,,,-1
21:26:05,,,10,,,-1
21:26:10,,,109,,,-1
21:26:15,,,-13,,,-1
21:26:20,,,132,,,-1
21:26:25,,,-84,,,-1
21:26:30,,,-115,,,-1
21:26:35,,,-145,,,-1
21:26:40,,,-81,,,-1
21:26:45,,,-10,,,-1
21:26:50,,,51,,,-1
21:26:55,,,-142,,,-1
21:27:00,,,50,,,-1
21:27:05,,,-140,,,-1
21:27:10,,,123,,,-1
21:27:15,,,-165,,,-1
21:27:20,,,-83,,,-1
21:27:25,,,155,,,-1
21:27:30,,,-133,,,-1
21:27:35,,,-152,,,-1
21:27:40,,,-79,,,-1
21:27:45,,,-177,,,-1
21:27:50,,,8,,,-1
21:27:55,,,173,,,-1
21:28:00,,,21,,,-1
21:28:05,,,-60,,,-1
21:28:10,,,-89,,,-1
21:28:15,,,11,,,-1
21:28:20,,,78,,,-1
21:28:25,,,-150,,,-1
21:28:30,,,9,,,-1
21:28:35,,,-142,,,-1
21:28:40,,,-82,,,-1
21:28:45,,,77,,,-1
21:28:50,,,-1,,,-1
21:28:55,,,179,,,-1
21:29:00,,,34,,,-1
21:29:05,,,83,,,-1
21:29:10,,,159,,,-1
21:29:15,,,-65,,,-1
21:29:20,,,105,,,-1
21:29:25,,,65,,,-1
21:29:30,,,-134,,,-1
21:29:35,,,-170,,,-1
21:29:40,,,-32,,,-1
21:29:45,,,29,,,-1
21:29:50,,,155,,,-1
21:29:55,,,108,,,-1
21:30:00,,,-31,,,-1
21:30:05,,,-94,,,-1
21:30:10,,,87,,,-1
21:30:15,,,-27,,,-1
21:30:20,,,-19,,,-1
21:30:25,,,-104,,,-1
21:30:30,,,103,,,-1
21:30:35,,,-176,,,-1
21:30:40,,,45,,,-1
21:30:45,,,-67,,,-1
21:30:50,,,45,,,-1
21:30:55,,,-174,,,-1
21:31:00,,,-94,,,-1
21:31:05,,,101,,,-1
21:31:10,,,-91,,,-1
21:31:15,,,-85,,,-1
21:31:20,,,99,,,-1
21:31:25,,,32,,,-1
21:31:30,,,76,,,-1
21:31:35,,,80,,,-1
21:31:40,,,87,,,-1
21:31:45,,,79,,,-1
21:31:50,,,144,,,-1
21:31:55,,,82,,,-1
21:32:00,,,24,,,-1
21:32:05,,,-138,,,-1
21:32:10,,,-21,,,-1
21:32:15,,,3,,,-1
21:32:20,,,170,,,-1
21:32:25,,,122,,,-1
21:32:30,,,45,,,-1
21:32:35,,,34,,,-1
21:32:40,,,-136,,,-1
21:32:45,,,-105,,,-1
21:32:50,,,-19,,,-1
21:32:55,,,63,,,-1
21:33:00,,,-154,,,-1
21:33:05,,,-113,,,-1
21:33:10,,,139,,,-1
21:33:15,,,-135,,,-1
21:33:20,,,-4,,,-1
21:33:25,,,158,,,-1
21:33:30,,,114,,,-1
21:33:35,,,-164,,,-1
21:33:40,,,-123,,,-1
21:33:45,,,164,,,-1
21:33:50,,,113,,,-1
21:33:55,,,-172,,,-1
21:34:00,,,-122,,,-1
21:34:05,,,108,,,-1
21:34:10,,,-169,,,-1
21:34:15,,,-6,,,-1
21:34:20,,,-53,,,-1
21:34:25,,,93,,,-1
21:34:30,,,-154,,,-1
21:34:35,,,42,,,-1
21:34:40,,,-1,,,-1
21:34:45,,,119,,,-1
21:34:50,,,-74,,,-1
21:34:55,,,-115,,,-1
21:35:00,,,143,,,-1
21:35:05,,,-54,,,-1
21:35:10,,,170,,,-1
21:35:15,,,-25,,,-1
21:35:20,,,59,,,-1
21:35:25,,,-49,,,-1
21:35:30,,,-160,,,-1
21:35:35,,,-121,,,-1
21:35:40,,,-20,,,-1
21:35:45,,,-2,,,-1
21:35:50,,,-9,,,-1
21:35:55,,,79,,,-1
21:36:00,,,139,,,-1
21:36:05,,,116,,,-1
21:36:10,,,-123,,,-1
21:36:15,,,-83,,,-1
21:36:20,,,-16,,,-1
21:36:25,,,42,,,-1
21:36:30,,,-176,,,-1
21:36:35,,,139,,,-1
21:36:40,,,173,,,-1
21:36:45,,,-143,,,-1
21:36:50,,,62,,,-1
21:36:55,,,28,,,-1
21:37:00,,,-95,,,-1
21:37:05,,,144,,,-1
21:37:10,,,-132,,,-1
21:37:15,,,31,,,-1
21:37:20,,,71,,,-1
21:37:25,,,-149,,,-1
21:37:30,,,-25,,,-1
21:37:35,,,-37,,,-1
21:37:40,,,-14,,,-1
21:37:45,,,-12,,,-1
21:37:50,,,-137,,,-1
21:37:55,,,-59,,,-1
21:38:00,,,-169,,,-1
21:38:05,,,-59,,,-1
21:38:10,,,143,,,-1
21:38:15,,,-131,,,-1
21:38:20,,,142,,,-1
21:38:25,,,178,,,-1
21:38:30,,,-97,,,-1
21:38:35,,,56,,,-1
21:38:40,,,-176,,,-1
21:38:45,,,-13,,,-1
21:38:50,,,49,,,-1
21:38:55,,,-63,,,-1
21:39:00,,,163,,,-1
21:39:05,,,-1,,,-1
21:39:10,,,103,,,-1
21:39:15,,,3,,,-1
21:39:20,,,-76,,,-1
21:39:25,,,-105,,,-1
21:39:30,,,-17,,,-1
21:39:35,,,165,,,-1
21:39:40,,,95,,,-1
21:39:45,,,-79,,,-1
21:39:50,,,150,,,-1
21:39:55,,,-89,,,-1
21:40:00,,,-72,,,-1
21:40:05,,,96,,,-1
21:40:10,,,51,,,-1
21:40:15,,,172,,,-1
21:40:20,,,26,,,-1
21:40:25,,,96,,,-1
21:40:30,,,-86,,,-1
21:40:35,,,135,,,-1
21:40:40,,,147,,,-1
21:40:45,,,-137,,,-1
21:40:50,,,131,,,-1
21:40:55,,,-57,,,-1
21:41:00,,,-165,,,-1
21:41:05,,,125,,,-1
21:41:10,,,-166,,,-1
21:41:15,,,67,,,-1
21:41:20,,,-65,,,-1
21:41:25,,,-56,,,-1
21:41:30,,,133,,,-1
21:41:35,,,143,,,-1
21:41:40,,,42,,,-1
21:41:45,,,-16,,,-1
21:41:50,,,-108,,,-1
21:41:55,,,113,,,-1
21:42:00,,,-15,,,-1
21:42:05,,,-149,,,-1
21:42:10,,,135,,,-1
21:42:15,,,-96,,,-1
21:42:20,,,45,,,-1
21:42:25,,,151,,,-1
21:42:30,,,98,,,-1
21:42:35,,,-47,,,-1
21:42:40,,,8,,,-1
21:42:45,,,73,,,-1
21:42:50,,,-139,,,-1
21:42:55,,,36,,,-1
21:43:00,,,-91,,,-1
21:43:05,,,174,,,-1
21:43:10,,,-50,,,-1
21:43:15,,,75,,,-1
21:43:20,,,156,,,-1
21:43:25,,,-121,,,-1
21:43:30,,,-83,,,-1
21:43:35,,,159,,,-1
21:43:40,,,-80,,,-1
21:43:45,,,105,,,-1
21:43:50,,,137,,,-1
21:43:55,,,176,,,-1
21:44:00,,,163,,,-1
21:44:05,,,-43,,,-1
21:44:10,,,132,,,-1
21:44:15,,,-157,,,-1
21:44:20,,,-138,,,-1
21:44:25,,,-131,,,-1
21:44:30,,,127,,,-1
21:44:35,,,171,,,-1
21:44:40,,,164,,,-1
21:44:45,,,54,,,-1
21:44:50,,,-163,,,-1
21:44:55,,,146,,,-1
21:45:00,,,-96,,,-1
21:45:05,,,-139,,,-1
21:45:10,,,-146,,,-1
21:45:15,,,75,,,-1
21:45:20,,,-9,,,-1
21:45:25,,,11,,,-1
21:45:30,,,-169,,,-1
21:45:35,,,104,,,-1
21:45:40,,,-143,,,-1
21:45:45,,,87,,,-1
21:45:50,,,175,,,-1
21:45:55,,,37,,,-1
21:46:00,,,90,,,-1
21:46:05,,,10,,,-1
21:46:10,,,-14,,,-1
21:46:15,,,-112,,,-1
21:46:20,,,165,,,-1
21:46:25,,,22,,,-1
21:46:30,,,-150,,,-1
21:46:35,,,55,,,-1
21:46:40,,,-125,,,-1
21:46:45,,,-125,,,-1
21:46:50,,,-80,,,-1
21:46:55,,,18,,,-1
21:47:00,,,69,,,-1
21:47:05,,,162,,,-1
21:47:10,,,37,,,-1
21:47:15,,,-151,,,-1
21:47:20,,,176,,,-1
21:47:25,,,-35,,,-1
21:47:30,,,-20,,,-1
21:47:35,,,88,,,-1
21:47:40,,,-179,,,-1
21:47:45,,,-69,,,-1
21:47:50,,,-45,,,-1
21:47:55,,,-160,,,-1
21:48:00,,,-82,,,-1
21:48:05,,,-8,,,-1
21:48:10,,,163,,,-1
21:48:15,,,-118,,,-1
21:48:20,,,102,,,-1
21:48:25,,,80,,,-1
21:48:30,,,161,,,-1
21:48:35,,,-162,,,-1
21:48:40,,,-59,,,-1
21:48:45,,,124,,,-1
21:48:50,,,-56,,,-1
21:48:55,,,82,,,-1
21:49:00,,,176,,,-1
21:49:05,,,37,,,-1
21:49:10,,,-150,,,-1
21:49:15,,,42,,,-1
21:49:20,,,25,,,-1
21:49:25,,,-77,,,-1
21:49:30,,,-17,,,-1
21:49:35,,,4,,,-1
21:49:40,,,7,,,-1
21:49:45,,,135,,,-1
21:49:50,,,125,,,-1
21:49:55,,,-73,,,-1
21:50:00,,,-60,,,-1
21:50:05,,,160,,,-1
21:50:10,,,-21,,,-1
21:50:15,,,29,,,-1
21:50:20,,,-23,,,-1
21:50:25,,,-177,,,-1
21:50:30,,,118,,,-1
21:50:35,,,13,,,-1
21:50:40,,,-46,,,-1
21:50:45,,,-143,,,-1
21:50:50,,,-19,,,-1
21:50:55,,,-55,,,-1
21:51:00,,,88,,,-1
21:51:05,,,-41,,,-1
21:51:10,,,154,,,-1
21:51:15,,,-33,,,-1
21:51:20,,,-169,,,-1
21:51:25,,,-66,,,-1
21:51:30,,,166,,,-1
21:51:35,,,145,,,-1
21:51:40,,,69,,,-1
21:51:45,,,-157,,,-1
21:51:50,,,-144,,,-1
21:51:55,,,-72,,,-1
21:52:00,,,-116,,,-1
21:52:05,,,107,,,-1
21:52:10,,,-125,,,-1
21:52:15,,,-159,,,-1
21:52:20,,,145,,,-1
21:52:25,,,-60,,,-1
21:52:30,,,-56,,,-1
21:52:35,,,-107,,,-1
21:52:40,,,174,,,-1
21:52:45,,,-61,,,-1
21:52:50,,,45,,,-1
21:52:55,,,19,,,-1
21:53:00,,,161,,,-1
21:53:05,,,-7,,,-1
21:53:10,,,150,,,-1
21:53:15,,,-28,,,-1
21:53:20,,,-111,,,-1
21:53:25,,,71,,,-1
21:53:30,,,139,,,-1
21:53:35,,,-47,,,-1
21:53:40,,,24,,,-1
21:53:45,,,25,,,-1
21:53:50,,,-80,,,-1
21:53:55,,,-2,,,-1
21:54:00,,,-19,,,-1
21:54:05,,,-91,,,-1
21:54:10,,,-132,,,-1
21:54:15,,,-115,,,-1
21:54:20,,,175,,,-1
21:54:25,,,2,,,-1
21:54:30,,,172,,,-1
21:54:35,,,-133,,,-1
21:54:40,,,-162,,,-1
21:54:45,,,-180,,,-1
21:54:50,,,-83,,,-1
21:54:55,,,-28,,,-1
21:55:00,,,38,,,-1
21:55:05,,,-24,,,-1
21:55:10,,,146,,,-1
21:55:15,,,160,,,-1
21:55:20,,,-16,,,-1
21:55:25,,,93,,,-1
21:55:30,,,-138,,,-1
21:55:35,,,61,,,-1
21:55:40,,,-10,,,-1
21:55:45,,,-122,,,-1
21:55:50,,,-56,,,-1
21:55:55,,,-91,,,-1
21:56:00,,,0,,,-1
21:56:05,,,-116,,,-1
21:56:10,,,171,,,-1
21:56:15,,,42,,,-1
21:56:20,,,73,,,-1
21:56:25,,,112,,,-1
21:56:30,,,60,,,-1
21:56:35,,,36,,,-1
21:56:40,,,137,,,-1
21:56:45,,,-114,,,-1
21:56:50,,,-95,,,-1
21:56:55,,,-13,,,-1
21:57:00,,,87,,,-1
21:57:05,,,-172,,,-1
21:57:10,,,-144,,,-1
21:57:15,,,-131,,,-1
21:57:20,,,152,,,-1
21:57:25,,,-6,,,-1
21:57:30,,,-80,,,-1
21:57:35,,,-20,,,-1
21:57:40,,,44,,,-1
21:57:45,,,178,,,-1
21:57:50,,,-62,,,-1
21:57:55,,,125,,,-1
21:58:00,,,-33,,,-1
21:58:05,,,142,,,-1
21:58:10,,,-42,,,-1
21:58:15,,,-135,,,-1
21:58:20,,,-22,,,-1
21:58:25,,,174,,,-1
21:58:30,,,-146,,,-1
21:58:35,,,132,,,-1
21:58:40,,,-143,,,-1
21:58:45,,,-22,,,-1
21:58:50,,,83,,,-1
21:58:55,,,-93,,,-1
21:59:00,,,80,,,-1
21:59:05,,,51,,,-1
21:59:10,,,-34,,,-1
21:59:15,,,177,,,-1
21:59:20,,,-169,,,-1
21:59:25,,,-22,,,-1
21:59:30,,,122,,,-1
21:59:35,,,100,,,-1
21:59:40,,,-10,,,-1
21:59:45,,,-91,,,-1
21:59:50,,,59,,,-1
21:59:55,,,-161,,,-1
22:00:00,,,77,,,-1
22:00:05,,,-116,,,-1
22:00:10,,,89,,,-1
22:00:15,,,105,,,-1
22:00:20,,,144,,,-1
22:00:25,,,-163,,,-1
22:00:30,,,84,,,-1
22:00:35,,,15,,,-1
22:00:40,,,-117,,,-1
22:00:45,,,-126,,,-1
22:00:50,,,14,,,-1
22:00:55,,,30,,,-1
22:01:00,,,-33,,,-1
22:01:05,,,119,,,-1
22:01:10,,,-105,,,-1
22:01:15,,,-106,,,-1
22:01:20,,,140,,,-1
22:01:25,,,-26,,,-1
22:01:30,,,101,,,-1
22:01:35,,,115,,,-1
22:01:40,,,35,,,-1
22:01:45,,,-168,,,-1
22:01:50,,,128,,,-1
22:01:55,,,68,,,-1
22:02:00,,,10,,,-1
22:02:05,,,-151,,,-1
22:02:10,,,110,,,-1
22:02:15,,,-83,,,-1
22:02:20,,,1,,,-1
22:02:25,,,56,,,-1
22:02:30,,,59,,,-1
22:02:35,,,167,,,-1
22:02:40,,,-28,,,-1
22:02:45,,,146,,,-1
22:02:50,,,18,,,-1
22:02:55,,,-118,,,-1
22:03:00,,,146,,,-1
22:03:05,,,113,,,-1
22:03:10,,,-101,,,-1
22:03:15,,,-149,,,-1
22:03:20,,,127,,,-1
22:03:25,,,-158,,,-1
22:03:30,,,-167,,,-1
22:03:35,,,-8,,,-1
22:03:40,,,-7,,,-1
22:03:45,,,-75,,,-1
22:03:50,,,159,,,-1
22:03:55,,,55,,,-1
22:04:00,,,-71,,,-1
22:04:05,,,-21,,,-1
22:04:10,,,47,,,-1
22:04:15,,,-14,,,-1
22:04:20,,,25,,,-1
22:04:25,,,72,,,-1
22:04:30,,,63,,,-1
22:04:35,,,-23,,,-1
22:04:40,,,-46,,,-1
22:04:45,,,22,,,-1
22:04:50,,,-157,,,-1
22:04:55,,,6,,,-1
22:05:00,,,19,,,-1
22:05:05,,,-22,,,-1
22:05:10,,,154,,,-1
22:05:15,,,-130,,,-1
22:05:20,,,-56,,,-1
22:05:25,,,-110,,,-1
22:05:30,,,-164,,,-1
22:05:35,,,179,,,-1
22:05:40,,,175,,,-1
22:05:45,,,17,,,-1
22:05:50,,,-124,,,-1
22:05:55,,,166,,,-1
22:06:00,,,76,,,-1
22:06:05,,,-8,,,-1
22:06:10,,,-48,,,-1
22:06:15,,,-31,,,-1
22:06:20,,,-73,,,-1
22:06:25,,,84,,,-1
22:06:30,,,88,,,-1
22:06:35,,,-52,,,-1
22:06:40,,,-127,,,-1
22:06:45,,,98,,,-1
22:06:50,,,-163,,,-1
22:06:55,,,-16,,,-1
22:07:00,,,25,,,-1
22:07:05,,,125,,,-1
22:07:10,,,-67,,,-1
22:07:15,,,-165,,,-1
22:07:20,,,-20,,,-1
22:07:25,,,109,,,-1
22:07:30,,,-28,,,-1
22:07:35,,,-49,,,-1
22:07:40,,,89,,,-1
22:07:45,,,115,,,-1
22:07:50,,,82,,,-1
22:07:55,,,132,,,-1
22:08:00,,,178,,,-1
22:08:05,,,-178,,,-1
22:08:10,,,-87,,,-1
22:08:15,,,-53,,,-1
22:08:20,,,-85,,,-1
22:08:25,,,-42,,,-1
22:08:30,,,162,,,-1
22:08:35,,,44,,,-1
22:08:40,,,72,,,-1
22:08:45,,,145,,,-1
22:08:50,,,-65,,,-1
22:08:55,,,95,,,-1
22:09:00,,,-144,,,-1
22:09:05,,,5,,,-1
22:09:10,,,-28,,,-1
22:09:15,,,-171,,,-1
22:09:20,,,-95,,,-1
22:09:25,,,118,,,-1
22:09:30,,,21,,,-1
22:09:35,,,32,,,-1
22:09:40,,,90,,,-1
22:09:45,,,0,,,-1
22:09:50,,,52,,,-1
22:09:55,,,18,,,-1
22:10:00,,,175,,,-1
22:10:05,,,136,,,-1
22:10:10,,,-131,,,-1
22:10:15,,,-83,,,-1
22:10:20,,,-3,,,-1
22:10:25,,,-111,,,-1
22:10:30,,,-121,,,-1
22:10:35,,,-95,,,-1
22:10:40,,,0,,,-1
22:10:45,,,-81,,,-1
22:10:50,,,145,,,-1
22:10:55,,,30,,,-1
22:11:00,,,138,,,-1
22:11:05,,,-96,,,-1
22:11:10,,,-172,,,-1
22:11:15,,,124,,,-1
22:11:20,,,19,,,-1
22:11:25,,,-75,,,-1
22:11:30,,,-74,,,-1
22:11:35,,,-31,,,-1
22:11:40,,,118,,,-1
22:11:45,,,-21,,,-1
22:11:50,,,173,,,-1
22:11:55,,,172,,,-1
22:12:00,,,-27,,,-1
22:12:05,,,-157,,,-1
22:12:10,,,172,,,-1
22:12:15,,,98,,,-1
22:12:20,,,13,,,-1
22:12:25,,,-58,,,-1
22:12:30,,,125,,,-1
22:12:35,,,60,,,-1
22:12:40,,,41,,,-1
22:12:45,,,101,,,-1
22:12:50,,,13,,,-1
22:12:55,,,-131,,,-1
22:13:00,,,124,,,-1
22:13:05,,,-131,,,520
22:13:10,,,56,,,459
22:13:15,,,146,,,156
22:13:20,,,89,,,101
22:13:25,,,-112,,,827
22:13:30,,,10,,,529
22:13:35,,,34,,,652
22:13:40,,,-84,,,259
22:13:45,,,71,,,67
22:13:50,,,-119,,,872
22:13:55,,,-123,,,581
22:14:00,,,-26,,,39
22:14:05,,,174,,,615
22:14:10,,,-78,,,495
22:14:15,,,-164,,,722
22:14:20,,,-176,,,178
22:14:25,,,100,,,142
22:14:30,,,133,,,177
22:14:35,,,-22,,,745
22:14:40,,,-180,,,286
22:14:45,,,54,,,424
22:14:50,,,-2,,,961
22:14:55,,,-17,,,442
22:15:00,,,18,,,51
22:15:05,,,79,,,75
22:15:10,,,87,,,964
22:15:15,,,-60,,,294
22:15:20,,,149,,,197
22:15:25,,,-40,,,229
22:15:30,,,71,,,148
22:15:35,,,-1,,,342
22:15:40,,,71,,,437
22:15:45,,,-5,,,967
22:15:50,,,79,,,413
22:15:55,,,134,,,442
22:16:00,,,-135,,,127
22:16:05,,,142,,,690
22:16:10,,,-32,,,61
22:16:15,,,51,,,646
22:16:20,,,2,,,194
22:16:25,,,109,,,355
22:16:30,,,-52,,,396
22:16:35,,,-34,,,54
22:16:40,,,22,,,880
22:16:45,,,21,,,276
22:16:50,,,-155,,,610
22:16:55,,,69,,,275
22:17:00,,,-24,,,667
22:17:05,,,145,,,41
22:17:10,,,-33,,,340
22:17:15,,,-180,,,324
22:17:20,,,67,,,697
22:17:25,,,153,,,210
22:17:30,,,-23,,,57
22:17:35,,,-77,,,720
22:17:40,,,36,,,319
22:17:45,,,26,,,454
22:17:50,,,-76,,,939
22:17:55,,,-80,,,67
22:18:00,,,-37,,,364
22:18:05,,,-69,,,874
22:18:10,,,-77,,,945
22:18:15,,,166,,,728
22:18:20,,,165,,,89
22:18:25,,,-5,,,185
22:18:30,,,-174,,,316
22:18:35,,,-65,,,295
22:18:40,,,130,,,259
22:18:45,,,-49,,,558
22:18:50,,,-54,,,912
22:18:55,,,7,,,317
22:19:00,,,148,,,134
22:19:05,,,-27,,,518
22:19:10,,,139,,,447
22:19:15,,,-38,,,222
22:19:20,,,33,,,115
22:19:25,,,-92,,,923
22:19:30,,,-50,,,533
22:19:35,,,85,,,231
22:19:40,,,48,,,848
22:19:45,,,70,,,178
22:19:50,,,118,,,504
22:19:55,,,39,,,426
22:20:00,,,29,,,179
22:20:05,,,11,,,530
22:20:10,,,-34,,,98
22:20:15,,,-55,,,685
22:20:20,,,-165,,,470
22:20:25,,,-148,,,731
22:20:30,,,92,,,989
22:20:35,,,160,,,821
22:20:40,,,-152,,,836
22:20:45,,,118,,,402
22:20:50,,,-145,,,163
22:20:55,,,92,,,755
22:21:00,,,-89,,,502
22:21:05,,,83,,,274
22:21:10,,,-52,,,398
22:21:15,,,-19,,,330
22:21:20,,,124,,,526
22:21:25,,,-81,,,573
22:21:30,,,72,,,939
22:21:35,,,-77,,,924
22:21:40,,,118,,,316
22:21:45,,,-143,,,821
22:21:50,,,38,,,421
22:21:55,,,-19,,,305
22:22:00,,,-37,,,994
22:22:05,,,-84,,,414
22:22:10,,,-143,,,851
22:22:15,,,-93,,,553
22:22:20,,,-30,,,963
22:22:25,,,-118,,,890
22:22:30,,,-25,,,945
22:22:35,,,49,,,188
22:22:40,,,107,,,606
22:22:45,,,114,,,89
22:22:50,,,-95,,,237
22:22:55,,,84,,,562
22:23:00,,,-98,,,886
22:23:05,,,149,,,338
22:23:10,,,153,,,652
22:23:15,,,175,,,478
22:23:20,,,30,,,26
22:23:25,,,168,,,843
22:23:30,,,-175,,,640
22:23:35,,,-18,,,704
22:23:40,,,-20,,,709
22:23:45,,,-53,,,353
22:23:50,,,10,,,478
22:23:55,,,97,,,936
22:24:00,,,157,,,838
22:24:05,,,-123,,,420
22:24:10,,,-173,,,521
22:24:15,,,-153,,,251
22:24:20,,,15,,,196
22:24:25,,,-120,,,780
22:24:30,,,22,,,415
22:24:35,,,28,,,110
22:24:40,,,80,,,263
22:24:45,,,69,,,124
22:24:50,,,43,,,738
22:24:55,,,37,,,579
22:25:00,,,-122,,,711
22:25:05,,,153,,,671
22:25:10,,,-163,,,176
22:25:15,,,103,,,837
22:25:20,,,77,,,114
22:25:25,,,-160,,,979
22:25:30,,,-55,,,39
22:25:35,,,125,,,412
22:25:40,,,79,,,242
22:25:45,,,58,,,215
22:25:50,,,57,,,21
22:25:55,,,73,,,627
22:26:00,,,-92,,,720
22:26:05,,,130,,,407
22:26:10,,,-132,,,536
22:26:15,,,155,,,135
22:26:20,,,-61,,,363
22:26:25,,,-128,,,11
22:26:30,,,-50,,,363
22:26:35,,,-41,,,268
22:26:40,,,-101,,,328
22:26:45,,,-56,,,101
22:26:50,,,-105,,,610
22:26:55,,,-22,,,365
22:27:00,,,32,,,546
22:27:05,,,127,,,758
22:27:10,,,87,,,629
22:27:15,,,171,,,851
22:27:20,,,-26,,,385
22:27:25,,,55,,,220
22:27:30,,,-113,,,263
22:27:35,,,72,,,673
22:27:40,,,7,,,264
22:27:45,,,-27,,,0
22:27:50,,,77,,,193
22:27:55,,,-24,,,87
22:28:00,,,122,,,62
22:28:05,,,63,,,236
22:28:10,,,67,,,671
22:28:15,,,117,,,523
22:28:20,,,-50,,,750
22:28:25,,,-78,,,368
22:28:30,,,-83,,,657
22:28:35,,,137,,,204
22:28:40,,,37,,,600
22:28:45,,,-3,,,753
22:28:50,,,-147,,,858
22:28:55,,,96,,,798
22:29:00,,,52,,,554
22:29:05,,,-128,,,45
22:29:10,,,172,,,872
22:29:15,,,9,,,780
22:29:20,,,-137,,,674
22:29:25,,,95,,,857
22:29:30,,,92,,,781
22:29:35,,,144,,,470
22:29:40,,,112,,,337
22:29:45,,,-159,,,657
22:29:50,,,-148,,,125
22:29:55,,,33,,,784
22:30:00,,,156,,,83
22:30:05,,,137,,,18
22:30:10,,,-160,,,300
22:30:15,,,117,,,999
22:30:20,,,98,,,487
22:30:25,,,-136,,,578
22:30:30,,,-146,,,629
22:30:35,,,-177,,,360
22:30:40,,,-144,,,720
22:30:45,,,-98,,,407
22:30:50,,,-96,,,910
22:30:55,,,130,,,231
22:31:00,,,75,,,52
22:31:05,,,138,,,536
22:31:10,,,-100,,,792
22:31:15,,,-178,,,384
22:31:20,,,-71,,,522
22:31:25,,,97,,,524
22:31:30,,,-83,,,663
22:31:35,,,107,,,710
22:31:40,,,-10,,,624
22:31:45,,,12,,,23
22:31:50,,,144,,,950
22:31:55,,,-43,,,954
22:32:00,,,178,,,150
22:32:05,,,167,,,908
22:32:10,,,-36,,,895
22:32:15,,,107,,,325
22:32:20,,,33,,,244
22:32:25,,,-100,,,956
22:32:30,,,-29,,,840
22:32:35,,,-42,,,533
22:32:40,,,0,,,106
22:32:45,,,-22,,,763
22:32:50,,,148,,,382
22:32:55,,,-146,,,467
22:33:00,,,30,,,601
22:33:05,,,-101,,,766
22:33:10,,,180,,,911
22:33:15,,,56,,,854
22:33:20,,,47,,,403
22:33:25,,,160,,,819
22:33:30,,,138,,,537
22:33:35,,,-10,,,890
22:33:40,,,177,,,989
22:33:45,,,-99,,,408
22:33:50,,,-5,,,175
22:33:55,,,74,,,318
22:34:00,,,100,,,337
22:34:05,,,37,,,445
22:34:10,,,14,,,208
22:34:15,,,63,,,97
22:34:20,,,-63,,,840
22:34:25,,,140,,,690
22:34:30,,,141,,,153
22:34:35,,,-158,,,395
22:34:40,,,165,,,767
22:34:45,,,13,,,126
22:34:50,,,95,,,580
22:34:55,,,109,,,776
22:35:00,,,-38,,,335
22:35:05,,,27,,,598
22:35:10,,,-90,,,842
22:35:15,,,-174,,,502
22:35:20,,,10,,,942
22:35:25,,,5,,,827
22:35:30,,,91,,,155
22:35:35,,,146,,,104
22:35:40,,,-32,,,799
22:35:45,,,132,,,367
22:35:50,,,-24,,,311
22:35:55,,,-121,,,890
22:36:00,,,68,,,426
22:36:05,,,-132,,,70
22:36:10,,,-85,,,888
22:36:15,,,141,,,875
22:36:20,,,-139,,,983
22:36:25,,,161,,,335
22:36:30,,,61,,,304
22:36:35,,,85,,,862
22:36:40,,,46,,,242
22:36:45,,,-95,,,185
22:36:50,,,-101,,,808
22:36:55,,,-54,,,472
22:37:00,,,9,,,742
22:37:05,,,51,,,889
22:37:10,,,-122,,,828
22:37:15,,,90,,,781
22:37:20,,,-16,,,603
22:37:25,,,-142,,,873
22:37:30,,,-122,,,531
22:37:35,,,-2,,,620
22:37:40,,,46,,,614
22:37:45,,,-14,,,759
22:37:50,,,130,,,340
22:37:55,,,-89,,,141
22:38:00,,,-76,,,210
22:38:05,,,-65,,,679
22:38:10,,,71,,,671
22:38:15,,,103,,,887
22:38:20,,,-142,,,270
22:38:25,,,-16,,,247
22:38:30,,,27,,,167
22:38:35,,,-78,,,682
22:38:40,,,77,,,858
22:38:45,,,49,,,925
22:38:50,,,177,,,653
22:38:55,,,132,,,486
22:39:00,,,105,,,598
22:39:05,,,76,,,-1
22:39:10,,,65,,,-1
22:39:15,,,-137,,,-1
22:39:20,,,-133,,,-1
22:39:25,,,173,,,-1
22:39:30,,,9,,,-1
22:39:35,,,79,,,-1
22:39:40,,,64,,,-1
22:39:45,,,17,,,-1
22:39:50,,,148,,,-1
22:39:55,,,177,,,-1
22:40:00,,,28,,,-1
22:40:05,,,-44,,,-1
22:40:10,,,79,,,-1
22:40:15,,,21,,,-1
22:40:20,,,177,,,-1
22:40:25,,,-66,,,-1
22:40:30,,,136,,,-1
22:40:35,,,-18,,,-1
22:40:40,,,50,,,-1
22:40:45,,,-20,,,-1
22:40:50,,,-98,,,-1
22:40:55,,,-153,,,-1
22:41:00,,,115,,,-1
22:41:05,,,55,,,-1
22:41:10,,,177,,,-1
22:41:15,,,170,,,-1
22:41:20,,,-155,,,-1
22:41:25,,,-167,,,-1
22:41:30,,,134,,,-1
22:41:35,,,113,,,-1
22:41:40,,,143,,,-1
22:41:45,,,108,,,-1
22:41:50,,,50,,,-1
22:41:55,,,178,,,-1
22:42:00,,,30,,,-1
22:42:05,,,58,,,-1
22:42:10,,,133,,,-1
22:42:15,,,133,,,-1
22:42:20,,,-91,,,-1
22:42:25,,,106,,,-1
22:42:30,,,-124,,,-1
22:42:35,,,-40,,,-1
22:42:40,,,150,,,-1
22:42:45,,,31,,,-1
22:42:50,,,-50,,,-1
22:42:55,,,180,,,-1
22:43:00,,,-77,,,-1
22:43:05,,,-150,,,-1
22:43:10,,,-144,,,-1
22:43:15,,,87,,,-1
22:43:20,,,168,,,-1
22:43:25,,,120,,,-1
22:43:30,,,141,,,-1
22:43:35,,,64,,,-1
22:43:40,,,-56,,,-1
22:43:45,,,74,,,-1
22:43:50,,,127,,,-1
22:43:55,,,-92,,,-1
22:44:00,,,-147,,,-1
22:44:05,,,2,,,-1
22:44:10,,,166,,,-1
22:44:15,,,120,,,-1
22:44:20,,,58,,,-1
22:44:25,,,101,,,-1
22:44:30,,,53,,,-1
22:44:35,,,168,,,-1
22:44:40,,,132,,,-1
22:44:45,,,-128,,,-1
22:44:50,,,111,,,-1
22:44:55,,,99,,,-1
22:45:00,,,112,,,-1
22:45:05,,,-38,,,-1
22:45:10,,,32,,,-1
22:45:15,,,-172,,,-1
22:45:20,,,140,,,-1
22:45:25,,,85,,,-1
22:45:30,,,138,,,-1
22:45:35,,,-138,,,-1
22:45:40,,,161,,,-1
22:45:45,,,-41,,,-1
22:45:50,,,8,,,-1
22:45:55,,,-16,,,-1
22:46:00,,,44,,,-1
22:46:05,,,-66,,,-1
22:46:10,,,-6,,,-1
22:46:15,,,-96,,,-1
22:46:20,,,93,,,-1
22:46:25,,,98,,,-1
22:46:30,,,39,,,-1
22:46:35,,,87,,,-1
22:46:40,,,67,,,-1
22:46:45,,,117,,,-1
22:46:50,,,100,,,-1
22:46:55,,,1,,,-1
22:47:00,,,-123,,,-1
22:47:05,,,164,,,-1
22:47:10,,,35,,,-1
22:47:15,,,-18,,,-1
22:47:20,,,-38,,,-1
22:47:25,,,-161,,,-1
22:47:30,,,-137,,,-1
22:47:35,,,166,,,-1
22:47:40,,,33,,,-1
22:47:45,,,105,,,-1
22:47:50,,,25,,,-1
22:47:55,,,69,,,-1
22:48:00,,,-41,,,-1
22:48:05,,,167,,,-1
22:48:10,,,74,,,-1
22:48:15,,,14,,,-1
22:48:20,,,168,,,-1
22:48:25,,,-10,,,-1
22:48:30,,,64,,,-1
22:48:35,,,-57,,,-1
22:48:40,,,25,,,-1
22:48:45,,,-104,,,-1
22:48:50,,,-36,,,-1
22:48:55,,,157,,,-1
22:49:00,,,-28,,,-1
22:49:05,,,69,,,-1
22:49:10,,,172,,,-1
22:49:15,,,-66,,,-1
22:49:20,,,10,,,-1
22:49:25,,,132,,,-1
22:49:30,,,34,,,-1
22:49:35,,,81,,,-1
22:49:40,,,-67,,,-1
22:49:45,,,108,,,-1
22:49:50,,,84,,,-1
22:49:55,,,-28,,,-1
22:50:00,,,26,,,-1
22:50:05,,,-153,,,-1
22:50:10,,,160,,,-1
22:50:15,,,53,,,-1
22:50:20,,,-96,,,-1
22:50:25,,,125,,,-1
22:50:30,,,-73,,,-1
22:50:35,,,-75,,,-1
22:50:40,,,46,,,-1
22:50:45,,,-107,,,-1
22:50:50,,,82,,,-1
22:50:55,,,76,,,-1
22:51:00,,,-42,,,-1
22:51:05,,,165,,,-1
22:51:10,,,-50,,,-1
22:51:15,,,89,,,-1
22:51:20,,,73,,,-1
22:51:25,,,120,,,-1
22:51:30,,,-52,,,-1
22:51:35,,,-156,,,-1
22:51:40,,,-156,,,-1
22:51:45,,,-59,,,-1
22:51:50,,,-47,,,-1
22:51:55,,,19,,,-1
22:52:00,,,12,,,-1
22:52:05,,,-110,,,-1
22:52:10,,,54,,,-1
22:52:15,,,27,,,-1
22:52:20,,,-165,,,-1
22:52:25,,,-84,,,-1
22:52:30,,,86,,,-1
22:52:35,,,19,,,-1
22:52:40,,,2,,,-1
22:52:45,,,-98,,,-1
22:52:50,,,-51,,,-1
22:52:55,,,15,,,-1
22:53:00,,,67,,,-1
22:53:05,,,66,,,-1
22:53:10,,,-36,,,-1
22:53:15,,,-25,,,-1
22:53:20,,,3,,,-1
22:53:25,,,-122,,,-1
22:53:30,,,69,,,-1
22:53:35,,,37,,,-1
22:53:40,,,66,,,-1
22:53:45,,,-25,,,-1
22:53:50,,,-96,,,-1
22:53:55,,,-10,,,-1
22:54:00,,,30,,,-1
22:54:05,,,82,,,-1
22:54:10,,,2,,,-1
22:54:15,,,-87,,,-1
22:54:20,,,-4,,,-1
22:54:25,,,-114,,,-1
22:54:30,,,22,,,-1
22:54:35,,,-58,,,-1
22:54:40,,,-29,,,-1
22:54:45,,,113,,,-1
22:54:50,,,85,,,-1
22:54:55,,,-91,,,-1
22:55:00,,,-117,,,-1
22:55:05,,,-105,,,-1
22:55:10,,,42,,,-1
22:55:15,,,-124,,,-1
22:55:20,,,36,,,-1
22:55:25,,,-58,,,-1
22:55:30,,,96,,,-1
22:55:35,,,145,,,-1
22:55:40,,,175,,,-1
22:55:45,,,37,,,-1
22:55:50,,,107,,,-1
22:55:55,,,103,,,-1
22:56:00,,,141,,,-1
22:56:05,,,-44,,,-1
22:56:10,,,116,,,-1
22:56:15,,,100,,,-1
22:56:20,,,-85,,,-1
22:56:25,,,-43,,,-1
22:56:30,,,-24,,,-1
22:56:35,,,-74,,,-1
22:56:40,,,166,,,-1
22:56:45,,,54,,,-1
22:56:50,,,148,,,-1
22:56:55,,,-67,,,-1
22:57:00,,,58,,,-1
22:57:05,,,24,,,-1
22:57:10,,,56,,,-1
22:57:15,,,-134,,,-1
22:57:20,,,117,,,-1
22:57:25,,,-28,,,-1
22:57:30,,,-48,,,-1
22:57:35,,,125,,,-1
22:57:40,,,126,,,754
22:57:45,,,148,,,291
22:57:50,,,-14,,,1000
22:57:55,,,-43,,,883
22:58:00,,,8,,,879
22:58:05,,,26,,,53
22:58:10,,,-163,,,630
22:58:15,,,-139,,,821
22:58:20,,,32,,,707
22:58:25,,,112,,,582
22:58:30,,,147,,,223
22:58:35,,,136,,,647
22:58:40,,,138,,,752
22:58:45,,,-37,,,600
22:58:50,,,-24,,,375
22:58:55,,,119,,,143
22:59:00,,,139,,,714
22:59:05,,,-79,,,150
22:59:10,,,4,,,374
22:59:15,,,130,,,971
22:59:20,,,164,,,500
22:59:25,,,-164,,,967
22:59:30,,,105,,,823
22:59:35,,,60,,,758
22:59:40,,,-20,,,8
22:59:45,,,-33,,,332
22:59:50,,,165,,,84
22:59:55,,,-25,,,723
23:00:00,,,-31,,,341